Parallel_bps,Twist_bps,Butterfly_bps,PortfolioPnL_INR,Loss_INR
4.967141530112327,-1.4045499147354088,3.2078518034977015,-82680.02833150064,82680.02833150064
15.230298564080254,-3.401385201075348,-0.6508642748208455,-221488.32198839466,221488.32198839466
15.792128155073915,1.2916111400776917,-0.551225863444611,-204549.0038302007,204549.0038302007
5.425600435859646,-3.0242015843989654,-2.5353046799400807,-82483.37303322721,82483.37303322721
2.419622715660341,-9.488708550727441,-10.511132942024817,-55372.706210653254,55372.706210653254
-5.622875292409727,-3.987465256648794,0.014627274874029563,54684.805109968474,-54684.805109968474
-9.08024075521211,-5.374223211768107,4.917613795586651,81213.99140929415,-81213.99140929415
-2.2577630048653567,0.660753458995394,-6.908264463715494,51860.542274416686,-51860.542274416686
-5.443827245251827,1.3456411200224196,-5.693932525051553,95252.09235717019,-95252.09235717019
3.7569801834567196,-3.4284109885248344,-1.9441457493411893,-63668.1690585972,63668.1690585972
-6.017066122293969,9.737363779006525,1.8669725044195111,127620.82358713895,-127620.82358713895
-10.577109289559004,5.50985557634029,-5.429859264014755,185714.69155364606,-185714.69155364606
2.088635950047554,-9.660326157579734,-8.66871480389209,-56605.65366423161,56605.65366423161
1.9686123586912352,3.2269692441659394,1.8158098657252497,-14213.634205116581,14213.634205116581
-1.1564828238824052,-1.2627006709883255,-7.5571445552875645,28555.184075017118,-28555.184075017118
-7.198442083947087,-1.1173405939632521,4.187140917317785,80221.95762497521,-80221.95762497521
3.436182895684614,-8.924593023716362,-0.38933932589244513,-92393.25699548579,92393.25699548579
-3.8508228041631654,-2.651088741342664,1.943767789927411,32847.10769931298,-32847.10769931298
10.30999522495951,2.895423781881996,-2.4124389530720465,-117376.8273832916,117376.8273832916
-3.092123758512146,2.0438444298355867,4.9533713661936,39582.792719080884,-39582.792719080884
-4.791742378452899,-0.16677552290491035,-5.803313378086572,78767.20886780263,-78767.20886780263
-11.962066240806708,5.669811106847847,6.927536401900234,173112.55067662653,-173112.55067662653
-0.7201012158033384,4.8945620384242545,2.919277762040988,27950.75166183582,-27950.75166183582
-6.451197546051243,2.691426808479136,7.536701068436251,81551.63972987064,-81551.63972987064
-0.35826039109951535,7.516613656311445,-10.776326215782529,72499.40180294533,-72499.40180294533
8.219025043752238,-0.8176657027587986,-0.9273196773743209,-112656.98969067854,112656.98969067854
0.917607765355023,-9.617740680580859,-3.4104715209194643,-54263.99533491559,54263.99533491559
3.5711257151174642,6.513436466830288,-0.5413188765781911,-12337.411289330017,12337.411289330017
-8.084936028931876,-1.1804881629720207,3.409211400056436,93855.456518656,-93855.456518656
3.2875110965968446,-3.0199217931095634,2.00310542281793,-65442.41868900917,65442.41868900917
0.9707754934804038,4.474525819605286,-2.1723086893558508,16179.00884091769,-16179.00884091769
-3.2766214659776822,-1.378743472443167,-7.700425890871897,56883.789240119,-56883.789240119
2.9612027706457607,0.800973873747971,0.4874504109989024,-36941.21896021512,36941.21896021512
-2.345871333751469,-6.39900747683969,-3.853876424370447,7851.270071590721,-7851.270071590721
-3.427145165267695,-3.312546912791041,-1.9169968566073963,33678.54706078521,-33678.54706078521
4.040508568145384,8.39045707640157,3.318503288420218,-18784.817028649395,18784.817028649395
2.5755039072276436,-0.7414099732578003,-9.222238920581292,-14655.411413021153,14655.411413021153
-0.2651387544921688,0.32705060503541405,11.94859884269707,-25747.54937196277,25747.54937196277
-1.9236096478112252,1.7268306018473267,0.09980103643187219,34775.151386348254,-34775.151386348254
-11.68678037619532,7.203934471626923,4.422694878575893,184008.33372418786,-184008.33372418786
7.910319470430469,-5.52404963259198,6.070043737237895,-151518.14987918333,151518.14987918333
-14.018510627922808,4.901906531216919,10.579144250998096,187282.08970203603,-187282.08970203603
-9.905363251306884,-1.215263532011456,-0.6969718425416688,128871.30596472418,-128871.30596472418
-5.034756541161992,-6.64097969431414,-1.7901747633890008,37444.604588436276,-37444.604588436276
-10.623037137261049,3.852347495975334,-4.397976688093303,174904.3495112116,-174904.3495112116
15.499344050175395,-6.060781708518427,-1.7237495537862082,-236361.83106634166,236361.83106634166
8.135172173696697,-7.091124441412614,0.020790850084346314,-147100.83100208238,147100.83100208238
13.071427542824281,-9.627920496765972,-0.39312802689116777,-225929.91857072146,225929.91857072146
2.5988279424842355,3.339233238391117,-4.897897345355041,-4668.824119640101,4668.824119640101
-13.204566130842764,4.470187521080883,1.402432419077955,197879.8094353446,-197879.8094353446
2.5049285034587654,1.2767133659805636,-2.7393528150628477,-19897.773988830453,19897.773988830453
2.3225369716100355,1.0494860599376603,-2.978501806530824,-18017.936034239025,18017.936034239025
18.657745111447564,-0.538622775818888,-4.245918013843349,-243222.69169188107,243222.69169188107
6.565536086338297,-5.6337656836126735,2.95226557003969,-125875.30495893561,125875.30495893561
11.58595579007404,-5.652298545438298,4.239837305525175,-196968.57055136608,196968.57055136608
4.127809269364983,3.301805672304404,10.352592571635208,-65095.11170542201,65095.11170542201
-2.453881160028705,-3.227010199526971,-5.324732705711423,29869.730418669522,-29869.730418669522
-8.158102849654384,0.8559637119162976,1.1457732106747498,111470.5821214586,-111470.5821214586
2.7669079933001903,3.5303764410594667,1.1982933929986879,-21764.78676685461,21764.78676685461
14.535340771573168,-3.4426337564787435,13.537063573663456,-249206.41581527086,249206.41581527086
6.256673477650062,-5.026881995928755,-5.889333642634812,-95536.97715774235,95536.97715774235
4.824724152431853,-1.789558177765521,3.4180874676103796,-83339.23081714465,83339.23081714465
4.732376245735448,-1.0572282107601256,-3.9383687763092485,-59115.23519590678,59115.23519590678
-15.148472246858645,0.14253025305109768,2.8378411266690593,197503.54579026336,-197503.54579026336
2.1409374413020394,-6.26293589488848,-0.5588390990934131,-60451.69507552685,60451.69507552685
3.8531737972883677,-4.793707353873945,-0.1308760903021247,-76881.64841930414,76881.64841930414
0.582087184459999,-5.538933943448166,0.37814219869525983,-38059.688937799154,38059.688937799154
5.607845263682344,4.324648400488918,6.672390772904803,-70077.7582567514,70077.7582567514
-13.776693679570911,-2.4066362962916004,0.6664945213250052,171206.70064964602,-171206.70064964602
5.137859509122088,1.685941966463871,19.473644699920897,-110933.24562589682,110933.24562589682
5.70890510693167,4.559967133712266,6.259048672831841,-69123.56342769925,69123.56342769925
6.51391251305798,-2.4808253342763718,3.608920684907955,-110245.20193643891,110245.20193643891
-7.728252145375718,0.02968505883516874,-3.0145916295610697,112127.40525556663,-112127.40525556663
0.8187413938632255,10.917406514147611,-6.181343382381195,62648.88630360421,-62648.88630360421
6.8626019037451345,-8.72155473693722,-3.878900761091069,-128425.45725626677,128425.45725626677
10.88950596967366,-1.3268297450360902,-4.579947289163183,-141838.14368310221,141838.14368310221
-7.153037092599682,4.314430233407445,-3.0636137215798946,127117.9435499411,-127117.9435499411
2.164585895819749,-0.10732406154823716,-2.9818897464479797,-21986.19740861908,21986.19740861908
21.439440893253256,-0.19231510442271535,-7.938507680618038,-269283.59139205964,269283.59139205964
1.8645431476942764,-3.43620173070264,3.409836206364086,-52120.19859016035,52120.19859016035
-7.925207384327006,0.6415231609172721,1.902826545959723,105233.47181103114,-105233.47181103114
8.657551941701215,-7.023681771307264,-2.6286384986789066,-146899.83160028112,146899.83160028112
-4.7494531116095615,-2.403763865177129,7.496178651289664,31834.453070646927,-31834.453070646927
4.049817109609555,-6.621505728830501,3.112673417194234,-97606.02842214164,97606.02842214164
21.22156197012633,1.741311135185549,-5.027747711923272,-263705.44603480434,263705.44603480434
-4.8423407286625135,6.769132158905936,-2.130504775050881,106512.39576362194,-106512.39576362194
4.438194281462284,3.029039809374423,-3.3182312430056706,-35195.83956972184,35195.83956972184
-0.5952535606180008,-15.370571855728894,-8.881576645968734,-50024.99320240357,50024.99320240357
-2.525681513931603,-5.572694233635479,6.248582812291286,-11614.174922417746,11614.174922417746
-14.301413779606326,0.04633363580269657,-0.6145153657684126,194552.12421482164,-194552.12421482164
14.412732890661156,-9.010535902803834,4.603868014539069,-253729.33625626538,253729.33625626538
0.10233061019587049,-4.69684748535191,1.0522998608070417,-28902.286335571625,28902.286335571625
1.9905969557347003,-3.1614415857293725,-0.28713680056381763,-42762.675503605016,42762.675503605016
-3.853135968617602,1.1194136236723766,3.140075009751762,49669.94878435401,-49669.94878435401
15.86016816145352,-8.283028866480041,9.59622706892381,-282365.59360852314,282365.59360852314
-19.520877995225018,2.204162937557555,1.680585558358258,270309.3841069406,-270309.3841069406
2.8099186773503266,-3.3915752149044125,-1.61472206017912,-51568.098750421486,51568.098750421486
-4.930009346588328,-2.071589325925018,3.1437495078327196,47329.64645636437,-47329.64645636437
3.5701548596504735,-3.8404913587330087,3.6852541316238114,-77952.63383080393,77952.63383080393
3.0729952087660934,3.416155921221706,4.172585482989311,-34220.32537818102,34220.32537818102
-8.289950109220722,-1.4284007542889472,2.517125339867447,97627.50457805245,-97627.50457805245
6.103702654334649,-1.0152496474227009,0.8462877602251846,-89804.35262617063,89804.35262617063
12.776648957884248,-4.738113034918462,2.5663330838625455,-203839.87254178946,203839.87254178946
-2.021926524338941,-0.7349841871994307,4.939911699640847,10530.722554780405,-10530.722554780405
8.254163489880298,2.6420691390751516,7.694526448574362,-117272.98371693815,117272.98371693815
0.2100384163275905,3.221202601756017,-0.6649389368051026,15898.433818676269,-15898.433818676269
3.241663524884421,-1.106992335500019,0.47335924968408616,-50753.72277610371,50753.72277610371
5.951570254369136,-4.795399463888202,9.410445150607048,-129957.86964112376,129957.86964112376
-10.06017381499702,-4.282284506011838,3.623067682720505,103545.26757482764,-103545.26757482764
7.916626939629358,1.7893677583917116,4.181038804639528,-108095.90876825231,108095.90876825231
-0.12246772846914623,-4.2612604337449165,-0.7219049887301808,-18964.215731308923,18964.215731308923
-6.771617115121117,5.66676726618034,0.1271560170134438,120825.06123787229,-120825.06123787229
-8.254971967925115,-0.29466697047708035,1.1928940630813396,106580.61981509143,-106580.61981509143
-5.637245528039747,-3.076154508470872,-0.09687488194986453,59977.906251926746,-59977.906251926746
2.4496657110872277,-2.785414696049615,-2.7621951919839183,-40532.981292385935,40532.981292385935
2.320499373576363,-7.25499700759816,-8.42303796240731,-47673.432463625395,47673.432463625395
-7.18444221252436,0.05958830463504799,0.8841083965111806,94827.3085524309,-94827.3085524309
14.75356216949552,1.8777413548001365,0.999640581437464,-191490.54311072954,191490.54311072954
-0.1901620790268883,-4.753235995644113,-1.3074416063708438,-19127.183964091702,19127.183964091702
-2.8865863892013834,1.9722573870369247,-3.748050551362003,59044.52506407303,-59044.52506407303
5.193465142411723,6.531678901890023,1.582483367271263,-39620.415753334855,39620.415753334855
4.017117220989414,2.6892094584295974,-0.9037136878814122,-37589.125816902415,37589.125816902415
2.2409248181041677,-0.2760767989870876,0.5986766170488484,-33209.00094663111,33209.00094663111
-7.730097838554665,1.2764207560790297,2.046714147976429,105581.39435068371,-105581.39435068371
14.511436077950417,2.3987148171989174,12.274691476299983,-214774.59544766112,214774.59544766112
-7.673475628880495,5.311725602196301,1.5528633885060454,127399.25430214604,-127399.25430214604
21.898029332176723,-7.1400415040184075,-3.9325811400582062,-322540.6879644294,322540.6879644294
-5.9939264544402215,-9.23124798753878,-5.397754970058907,46072.059590706405,-46072.059590706405
-7.59132661553698,1.8560316351764674,1.4512794237734337,108317.68234537281,-108317.68234537281
18.761708392158862,1.7189765272103168,-0.7006736253164082,-241920.07953699003,241920.07953699003
-8.984146713483579,3.6939269151655454,-6.228509759853019,156740.5905665013,-156740.5905665013
18.314587658543537,2.8783826856183223,0.07302285543083298,-231786.3184515302,231786.3184515302
-17.131345290908776,9.027261450795406,0.22271763788746538,277909.72270917444,-277909.72270917444
12.378163119734618,-9.461659705697137,-4.196201291599338,-205829.07907169164,205829.07907169164
0.05243699718183166,0.2162176009128851,-2.1130573941444166,5924.993534148899,-5924.993534148899
6.2284993234749875,-6.0264997976294925,-1.6628390865597473,-111414.97122906207,111414.97122906207
1.2029563171189885,2.2732734051314902,4.1150452449162165,-14904.07190331049,14904.07190331049
-11.246420918378693,-5.630295096812993,3.7551811303974354,112072.04528314584,-112072.04528314584
3.3231401197959167,-4.068524262739858,6.750728135738184,-83792.75306479326,83792.75306479326
1.1567463429285867,5.451377118556209,1.80540172554551,8493.312894410647,-8493.312894410647
20.60747924881987,5.281320319951115,1.9448189739930555,-254864.16965302528,254864.16965302528
9.715709509543554,1.62089066337326,7.869731180479807,-142812.09315245372,142812.09315245372
-9.649234605801045,4.719642100279361,5.453253546908542,140763.09660930684,-140763.09660930684
-17.587394864231143,-3.00567417357629,-12.14851282069655,252691.7113446191,-252691.7113446191
-2.6940683444455775,3.8265686840514066,7.981689037824584,35759.36346456824,-35759.36346456824
0.7409478041977519,7.656858894157844,-4.660900269114058,42537.92151347455,-42537.92151347455
-17.033824393551548,2.290128021402784,0.9351000875954285,239187.1814198852,-239187.1814198852
-0.3269474809409311,-9.812028207297924,-2.938858460865612,-39744.49548029315,39744.49548029315
-13.044695005048531,5.150838732966168,1.9245212027626446,197961.3564761604,-197961.3564761604
-9.398797863273552,-1.0411693043027324,-6.201890366878137,137267.79450475893,-137267.79450475893
-0.6267909727317188,4.6497571582021555,-3.637659407783895,42438.44644602902,-42438.44644602902
5.040465155178444,-3.285237418354055,-4.214149144824405,-74309.20490618612,74309.20490618612
-1.0703035995455783,-4.777245631676973,-3.9738085322023142,-465.93733820499347,465.93733820499347
-11.978778925888484,11.167958460373587,1.9397967359469246,215315.83439500636,-215315.83439500636
-6.997255079925856,2.0702073878142437,-0.6340740360870691,106861.41578386367,-106861.41578386367
-2.20969599533223,3.2608428561813634,4.2861466855627866,35848.90157394243,-35848.90157394243
-5.305011476105275,-1.9507262417936921,-2.2869979693339157,67131.54953443682,-67131.54953443682
-23.01921164735585,-3.7741190122355257,3.619880187816201,280857.97867436043,-280857.97867436043
16.449677135012838,-3.655277773744178,3.3051118553676484,-249538.32230747343,249538.32230747343
3.112501545435361,14.218450266563442,9.271114752243768,9012.345751012936,-9012.345751012936
-1.2791759148076653,-4.365761036918682,-8.969668739062197,17501.244932711732,-17501.244932711732
2.034636358672231,-3.9127585835389347,-7.674813272558526,-28125.80893855267,28125.80893855267
-6.465728842425266,-4.188795867946249,6.51614655584948,48086.53719505,-48086.53719505
8.816397569494505,-1.3604867108779644,7.574404485312791,-145661.75549776273,145661.75549776273
0.7736830764761831,-4.224116277512006,6.351993290189552,-49224.084488528744,49224.084488528744
5.3891004368465865,-5.755713906181877,-1.8996750048191957,-98059.57140816178,98059.57140816178
-8.756182533847571,-5.282106975301295,2.3655372309275604,83964.63247651537,-83964.63247651537
19.094166404701305,-9.534867133188529,1.9859609557221714,-312776.57558449055,312776.57558449055
-6.506425691218269,-1.3474761442093464,-3.7718518890657915,90362.54057042001,-90362.54057042001
-8.63990769679816,1.5274195695854162,-4.384219780874938,135875.45455761682,-135875.45455761682
2.704568257798388,-0.6453057487127922,-1.0786573921712437,-37047.035229967834,37047.035229967834
-9.07563662041598,-1.389678419350326,2.4969254713685887,108471.4487340078,-108471.4487340078
5.0091718762438076,-5.414017129256954,-0.448567350266625,-94907.09061851057,94907.09061851057
7.51387123371789,-9.089636388628449,0.9857975714631818,-151784.0430704521,151784.0430704521
-6.626237589458467,3.715517829655424,-3.3274363685628265,117543.88547800004,-117543.88547800004
-18.04882100664519,-5.055559516335487,-2.6323983476057573,223364.45680836818,-223364.45680836818
2.597225017214819,-4.702899148483057,2.121955051736914,-65332.126147466544,65332.126147466544
-16.6152006226896,2.1770995416463714,-6.755591593575212,252932.65339968307,-252932.65339968307
-6.5183610780215915,1.2038314150222602,-4.421705462478845,105677.27167245962,-105677.27167245962
-3.8455554422982536,5.3765441104129295,-1.7636283448351722,84777.65209267284,-84777.65209267284
8.356921120651418,-6.641896441934401,1.61314104202844,-151855.3891004871,151855.3891004871
14.415686206579004,-13.951345834176912,-6.105198379923755,-252020.20360301895,252020.20360301895
5.7707212718054,-1.8340729578370496,1.8351563693600184,-92208.46154585306,92208.46154585306
-6.039851867158205,1.3189847436375368,-0.9490082147561552,90813.93022915113,-90813.93022915113
11.677820616598073,-0.5381630120767853,2.5200976121610936,-166746.45421736702,166746.45421736702
-4.118769661224674,-1.7079180108045326,-2.8815750620808984,53973.40553385085,-53973.40553385085
3.9445214237829687,-2.5996462107804907,1.0883640843353661,-69700.65875623071,69700.65875623071
20.75400798645439,1.0418988216628526,0.514258588103028,-275496.5174030508,275496.5174030508
12.012139221639448,-3.7482163605364223,-9.728685255152092,-156367.1223912972,156367.1223912972
-10.080863109174041,-7.410979289427287,-4.4559725112075705,108303.34447163407,-108303.34447163407
0.18418379189551698,7.968468785702942,3.608169768613215,30199.144059938953,-30199.144059938953
-2.1910052880886424,4.2846632820379735,-9.78209027757615,77554.51344142985,-77554.51344142985
2.3561455810856593,3.3233708001204114,-6.089535232327467,1613.8579813869026,-1613.8579813869026
11.43754043206929,-0.10110610157176154,-1.024512224363568,-151991.91297795213,151991.91297795213
6.327818661062849,9.88134185802601,3.9315814023565565,-43330.55370052629,43330.55370052629
2.4822058630033608,-2.5633427277984557,-4.531576734254409,-35201.96352629881,35201.96352629881
8.303358165442456,-5.32876333098371,-0.27143842572803045,-139306.3782496255,139306.3782496255
-4.776574467651167,3.001074332484379,1.9490701497245866,75138.94788939909,-75138.94788939909
10.375399442578992,-3.988933097552068,-1.398664989764438,-157226.73285418053,157226.73285418053
-9.787637157823074,-0.650998214886225,0.7961137790443445,126383.52039101887,-126383.52039101887
7.569886166453519,-5.533931189570041,3.4640957968544246,-140211.86860843122,140211.86860843122
13.556378588049508,-0.06149798111187939,10.23489236976718,-209589.75648783776,209589.75648783776
-7.73789199103573,-4.775940769928334,-10.47264844468396,106272.51422410665,-106272.51422410665
14.96044311489183,0.8770587910515522,1.268589356991131,-200258.5044043727,200258.5044043727
2.7996862631982027,-5.788193554396392,10.58800382075892,-95785.86740171685,95785.86740171685
1.292211819752275,0.32794814205997036,3.6995220148886205,-25294.21594693135,25294.21594693135
4.810092317367133,0.3463448890491635,-3.3049530871775574,-54400.457625499024,54400.457625499024
4.7146835713599575,8.26948219036862,8.998459582180011,-43266.177070359205,43266.177070359205
15.931866266393971,-4.828123310592038,-4.5961830728883,-228220.75612951544,228220.75612951544
-1.2578692009964816,0.45447127178800556,5.285581301018153,5614.6670586112505,-5614.6670586112505
-16.924646297148193,9.834186995938689,0.2350314238370902,279351.28447898163,-279351.28447898163
-4.2688106994742006,-4.187108592510274,-9.421000451796573,59902.03716856216,-59902.03716856216
8.231705839619146,-0.8850514605967725,-5.726238109622175,-100714.34118789146,100714.34118789146
-12.95078772063616,0.3410272186511534,7.003472114983231,158113.80211134817,-158113.80211134817
-2.595913513636048,-6.780147914519571,-3.127995592696039,7322.904250295762,-7322.904250295762
-2.7272356974767047,-12.454244097777046,-3.6495961435911406,-19499.16250059407,19499.16250059407
-2.3093453020867796,3.667094513670552,9.648121951544512,25403.619062199636,-25403.619062199636
11.265650295477574,-2.972364858011252,-5.101701036651669,-154235.83749308996,154235.83749308996
25.733598032498605,-3.5775857766100754,1.4253013937121812,-369344.3017807988,369344.3017807988
-0.24125087110003277,0.9809917231637764,-0.47004537615085934,9649.684756477222,-9649.684756477222
-5.736620068802363,-1.7478578981525261,-1.1041736208194335,70944.79185329042,-70944.79185329042
-5.434247711337649,-2.5849205266018114,-0.6173644780332023,61187.57353247921,-61187.57353247921
-2.549772174208553,7.5560551784575605,-11.109729070113579,103104.3749144896,-103104.3749144896
10.915068519224619,4.306187289259654,-7.959618372935672,-103670.98977574392,103670.98977574392
-3.4268759408034875,-1.2576286242876968,-7.412714639188934,58800.1160699396,-58800.1160699396
-7.778166875908753,-4.130384144296797,6.729885786337109,65524.49937724461,-65524.49937724461
9.356783931474611,4.66141366966069,5.484003822069289,-115729.31722034654,115729.31722034654
-11.290517712172292,-0.8082245628838112,1.1651979624857205,144845.94790795317,-144845.94790795317
-12.221278088919455,5.233977478788837,-0.9114950389452704,194673.55013068905,-194673.55013068905
-3.7482080754959752,3.953294132861675,2.8139819906766714,64060.088190295704,-64060.088190295704
-3.609661658190799,6.071099982729397,-4.000810503996487,91077.67947384636,-91077.67947384636
6.159356069442637,1.9050092915123338,-0.4711095126967977,-71718.61600589461,71718.61600589461
3.2613302224211798,-6.456630963057651,3.1147842760102433,-86116.50882827702,86116.50882827702
-1.8490213644298903,-2.2158766991164476,4.34060893732651,1942.120452973238,-1942.120452973238
-7.043436905427592,-5.661416685584512,-9.563439642483864,89878.94912155884,-89878.94912155884
6.060099513456397,-7.016273696974064,7.22921726428223,-137474.1445309017,137474.1445309017
-20.81929407883722,11.214475277852038,2.0226710103646344,334471.5282681052,-334471.5282681052
-0.9671311187039239,-2.4540287247313155,1.2212251212351586,-3093.0470326589475,3093.0470326589475
-0.37634702424848365,5.318866634900541,1.862582168760032,28303.731512029663,-28303.731512029663
1.503017614618776,-1.9597723589164895,-0.6380511607856925,-28938.569570095075,28938.569570095075
3.0780176889205917,-8.618686007234903,-8.41499479495903,-65099.173697889266,65099.173697889266
7.43264094022715,-0.2999199430464454,-0.31041104575328615,-100930.85906423136,100930.85906423136
0.1843393306539316,1.630208172601173,-2.1770033275492557,11776.570861607262,-11776.570861607262
-7.783047254023127,2.1015794193493704,-4.875333991041125,128635.6958158646,-128635.6958158646
4.082527557144719,-8.73318535243286,3.1190052923338127,-109208.33927897172,109208.33927897172
4.7259748241304305,0.5122877778322921,5.288070663024127,-74718.6686934106,74718.6686934106
16.654744444625766,2.3400251821293883,-6.829696505787792,-194325.82913750372,194325.82913750372
-12.795769667357016,-1.060829225083886,-1.2670917189433095,170115.832249491,-170115.832249491
5.17659020469123,-4.238065898468214,0.2853861057143324,-92863.62656274869,92863.62656274869
-7.5538293235332254,-1.7836796246619375,-7.9043761212347246,112911.70705292995,-112911.70705292995
-9.232332461109042,-5.062274797079765,-6.801323781632517,115359.49411054325,-115359.49411054325
10.536417966078396,-6.108806784104156,12.087923005625223,-205627.38544736736,205627.38544736736
4.933179008808892,0.14163526983112515,-3.6735221987805033,-56181.80351115133,56181.80351115133
7.003098794089913,-3.7960822604467297,0.24510828090013262,-115038.3730914174,115038.3730914174
25.600845382687947,-4.298303327560814,6.711397736922517,-385094.3121704589,385094.3121704589
-7.031764251258874,0.8878801742715509,8.15329516564664,78253.82050081577,-78253.82050081577
-6.269670577877674,9.585279236806075,5.287555265099799,121334.17845253607,-121334.17845253607
-5.624667758942676,3.8600928316640006,5.175346928297301,82717.78779156353,-82717.78779156353
6.218099622171964,-8.422209520013041,-5.091692377642394,-115009.69396924987,115009.69396924987
-2.4751863555150475,0.01625312375514214,2.782285953634451,26209.50331136589,-26209.50331136589
1.7770100093325383,-6.635738157222568,0.314144057390219,-59783.67541072577,59783.67541072577
6.105857452838231,1.7541516463751174,6.196703113810349,-89119.10124130332,89119.10124130332
8.33922154548904,0.9392661586053677,0.6318488749703779,-109055.07743826465,109055.07743826465
-16.609609335159913,4.540589704641534,0.6898752062259373,245985.63380178128,-245985.63380178128
2.7157883719537343,-6.497070839934303,-6.6212648728432,-53681.32765737739,53681.32765737739
10.531528533329036,-1.7683953394090652,3.7682677461052365,-161036.33802619373,161036.33802619373
0.2831837613046117,0.09945017554342026,4.578813445006244,-15188.273441531088,15188.273441531088
-5.160447282173739,1.232533978299351,-2.3733944708061596,82208.74794374636,-82208.74794374636
-4.344962274323156,-0.8229127016618025,0.4822018612364477,52952.04667988982,-52952.04667988982
-4.787486216634774,6.707697910515426,-3.0434962112050483,107821.24703618704,-107821.24703618704
-1.8687164416135904,-1.8170760065994354,6.360535017681299,-936.1208136366681,936.1208136366681
1.9655477651157462,4.626752615068367,-5.8281091107699625,13076.901816335212,-13076.901816335212
2.6705026586925884,3.8426930548608293,1.6031568988943288,-19869.344232749478,19869.344232749478
10.654803750653512,-4.06552921755282,6.711583873737181,-182469.0543085482,182469.0543085482
22.9889812361925,-5.178976818374288,-1.43825463276546,-333372.1287861385,333372.1287861385
14.533844771177009,5.354002240717484,0.10723935563231883,-167863.99378080724,167863.99378080724
-4.201868170958573,-0.7137466980961072,-7.039005899396056,71142.59749675222,-71142.59749675222
-9.186519464841982,-3.411468286002038,-5.375747636621693,119750.72607863529,-119750.72607863529
-0.3468488738678118,1.1691604056600324,7.748757662039912,-9289.424714488634,9289.424714488634
-9.98354040738791,6.192449674806011,-0.34540188712237163,168107.89845329078,-168107.89845329078
-0.4946370965243295,3.2928794017686434,-4.630222406048984,36075.314538745064,-36075.314538745064
3.824097461840506,0.22031181360817356,2.7687653001918546,-57560.927882771124,57560.927882771124
2.891686439078181,11.277282307665839,0.026358506430659935,20485.757827812293,-20485.757827812293
-5.3099695500181765,-2.1756954482381476,-3.697814002734682,69676.77521645003,-69676.77521645003
-6.373871273065177,6.627328091741202,7.9709979902719175,100154.24459881574,-100154.24459881574
-5.707462937494762,-3.1139636128857457,0.9865646387179633,57909.39939193681,-57909.39939193681
-5.522230442809713,3.847226930326795,1.4663468455515978,90906.75080957917,-90906.75080957917
-15.15744114997232,9.65474555222269,9.775789563770916,229801.18267788173,-229801.18267788173
-6.127886904843862,-0.9300355466406047,0.6059974594917987,76089.83318916138,-76089.83318916138
3.34456789987025,2.6393708028755785,10.663707279827143,-58845.568999985946,58845.568999985946
-1.7694722749404939,-3.54221433850073,-7.70835596887674,25177.198393598785,-25177.198393598785
-7.3093003994191905,0.9383894696699245,8.256330669721159,81992.46616458938,-81992.46616458938
-5.176112990361714,1.8438174479199816,-0.06829093747244236,79656.67413268378,-79656.67413268378
11.88393273448084,10.270109591690213,1.0781571431193862,-108732.93914245935,108732.93914245935
-4.894394425182221,5.714489129887774,4.305307366719474,84925.22810458766,-84925.22810458766
18.467073257360337,0.015098945369431266,-0.1068876827090847,-248485.5136048256,248485.5136048256
5.906548306923093,4.402196795308372,5.592093470478133,-70886.51171665687,70886.51171665687
5.072740311072978,4.326802961130783,7.183341857122134,-64183.4924672656,64183.4924672656
13.821589910375272,1.020910474036411,0.6664940125193473,-182588.84471977662,182588.84471977662
1.4671368643332283,5.5346104704168475,-2.4152388542322942,15716.722622680461,-15716.722622680461
3.686733088729012,-2.429116525898613,-0.15110246968939675,-62106.40372709036,62106.40372709036
12.784518626072988,-1.0061933322188021,1.093734826427938,-180423.18105834516,180423.18105834516
-13.598561409799192,5.599186865622653,3.335237630220897,204125.47892051406,-204125.47892051406
21.632547233054602,-4.712890703281103,1.7683576204839477,-320966.1575472343,320966.1575472343
2.4938368371075526,7.1498970842844205,1.5663955562284069,61.59923187862106,-61.59923187862106
2.7902152577033923,2.480949266460211,1.773046643705924,-29110.94808415733,29110.94808415733
-4.464336145505283,1.5954006859679533,5.1928257389310675,55084.29787457036,-55084.29787457036
-10.265152994110602,2.1739978729583025,-3.732208275936763,159493.9472955643,-159493.9472955643
11.950466289248425,-9.05770844117818,-3.9364494787307986,-198608.8192455444,198608.8192455444
3.7721187506452085,6.901255898637447,1.758533763887399,-18974.71308742891,18974.71308742891
-5.551995266931984,9.805346652849789,-4.998892321088314,139552.59842861997,-139552.59842861997
-21.988059566200818,5.396944100409086,-2.9922014141183966,332546.9367555571,-332546.9367555571
-10.212328171307131,4.910494143972519,1.5200713936489032,159577.7442485818,-159577.7442485818
-5.640786307367284,-5.2605448320884864,2.385578442230751,42046.54434391116,-42046.54434391116
6.50201177958661,-1.448340488405693,9.11864109108266,-118951.63034205254,118951.63034205254
-10.700847663261525,-5.6711641669777455,-5.713714080780167,129108.0831503605,-129108.0831503605
-0.45586016355497805,1.2290342243338865,-0.8938064390130753,14951.73194567163,-14951.73194567163
3.520553965142968,-6.497545689041726,5.635831747438743,-96375.9898841613,96375.9898841613
-0.821511783925688,5.452388234247156,2.9600760586937587,32155.358846377123,-32155.358846377123
4.567532191537839,2.0324868927603927,3.0761863905489535,-58813.10415094217,58813.10415094217
6.427227598675439,5.375569375977907,2.872233409424259,-65698.25187886762,65698.25187886762
7.090037575885123,-1.4915176191175294,7.197287620137801,-122110.82175569996,122110.82175569996
-6.7639230205926975,9.604526844941063,1.6390581695104622,137575.79050362058,-137575.79050362058
-14.307751021180481,2.7571817694669893,-3.8481629301389892,217346.99729295517,-217346.99729295517
8.40643548988724,-4.373783311689446,-2.5200127634565823,-129812.58029340031,129812.58029340031
-18.895407309455308,0.676947451516785,-13.189293687621715,292457.66080681083,-292457.66080681083
-15.839028234857233,6.002800984368747,3.917544211276155,234932.8450693269,-234932.8450693269
4.254575617849648,-5.250368591507045,-1.183274385358284,-81966.22165049336,81966.22165049336
-0.036025390905684046,-5.51964362415376,5.8581594233752625,-43867.73182049282,43867.73182049282
8.773622905756714,-2.3699753734876308,0.3020717045868335,-131517.36070695787,131517.36070695787
2.083828079475525,-10.05102886137033,-3.5502188875532594,-71902.47031608723,71902.47031608723
-6.819842479977986,-3.754446589815247,-2.905249838919677,79630.51733978535,-79630.51733978535
17.976865268495224,0.3600958462797258,-1.085493132572885,-237516.40958936958,237516.40958936958
5.725827813561586,5.815625866342323,6.436150766537153,-63184.61193620503,63184.61193620503
0.5963036992017413,-3.175137320338797,2.6200056969095686,-31600.63868578299,31600.63868578299
3.9348538542174962,3.679571449002971,4.341684841587003,-44882.94299539004,44882.94299539004
10.49552715319335,-4.127238324410594,6.238156514873675,-179418.37958001983,179418.37958001983
1.9759960469239966,9.601964090781298,-0.7258953276317341,25937.200370798506,-25937.200370798506
17.359638031652494,-1.6599714311070723,-2.0376082308777383,-237386.96545429277,237386.96545429277
-4.838858340543216,-0.8021305256933075,1.4191768647277043,57282.387485180225,-57282.387485180225
5.228354880354996,-3.5206278501035824,-0.5477449021129978,-87609.88775706447,87609.88775706447
21.422703586118637,5.0264502225780605,5.259724644892614,-275807.6577247935,275807.6577247935
0.3800347816820029,0.515507722520873,3.124949063507802,-10519.836193155274,10519.836193155274
-10.227925651984055,0.30658100493218593,-8.87536857152537,162500.0272609233,-162500.0272609233
3.992231226052793,2.4880932054936937,-1.352355495446006,-37149.52635965857,37149.52635965857
15.739867632900328,-8.207509733378881,-7.758749146335625,-235252.0226459283,235252.0226459283
2.2445181855997203,4.657662865154432,9.502288067734453,-30352.49834148868,30352.49834148868
-4.588842628689401,5.833306058439488,0.8850698291657394,90321.93251693796,-90321.93251693796
-1.7262729994081962,4.473730225362152,4.127507325392755,36148.41086821734,-36148.41086821734
-15.763921569842495,9.407236845863467,7.653053828676861,242182.73576412458,-242182.73576412458
-6.255627015095294,2.826206585290731,2.548889350570922,92587.66019041759,-92587.66019041759
2.606737658239071,-3.015798943710508,-3.7747727265854687,-41234.43701052082,41234.43701052082
-0.25554070991445277,5.631892027040949,4.024756426378129,22709.9255391132,-22709.9255391132
-3.7061433208610595,4.236689756981002,-13.003966510287839,106089.22681221385,-106089.22681221385
11.487657003721035,-10.021054414666342,-3.2722713776311334,-199182.6164685439,199182.6164685439
-11.196698946261439,-4.495732223253352,3.4823138701166427,118099.07356241767,-118099.07356241767
-4.6770120131189135,2.354269983098191,-0.042600576884294694,75558.64209479267,-75558.64209479267
4.770408272231215,-0.3491441737878842,-5.861443442829276,-50893.78551782371,50893.78551782371
9.9626681944714,-3.849469032347021,-7.610204464449022,-134789.5038515696,134789.5038515696
-4.281151609659125,7.800340722430654,5.698885965090402,84049.60459560958,-84049.60459560958
-3.486521344078592,-1.1428748761193996,-2.1477907762588653,46529.47788881064,-46529.47788881064
20.76747983560841,-1.2934059738683212,3.5744750420936997,-295954.8437433227,295954.8437433227
10.302834540318422,-0.4064734827038814,-0.4473012410148788,-139813.26679187667,139813.26679187667
-1.9634984908497826,-0.04699146750203123,-0.3641515143458377,27156.221355612495,-27156.221355612495
7.276295436369798,-0.8436782313359144,3.9626458151893718,-112796.78533999766,112796.78533999766
-0.8071658010858231,0.49614082342987853,-9.59020842055794,38413.59106528059,-38413.59106528059
9.163276747024815,0.2781531879378068,5.692926567404512,-136798.7725565821,136798.7725565821
-28.962553781936894,14.305295557979917,0.3957130855500319,464741.7631697003,-464741.7631697003
11.081828167375164,-6.622309373460662,2.258111036818338,-190145.84925052783,190145.84925052783
-10.534155631736562,-1.3950649764136882,7.959711329079029,113902.37495953878,-113902.37495953878
-1.9068240076334657,1.3231123081593041,4.366306330306113,21332.421656222203,-21332.421656222203
4.956818879726047,-0.026070380705534024,2.190719889817096,-72622.70592369068,72622.70592369068
24.03415585238275,-3.87994752400153,2.1028846473797684,-349800.79802708153,349800.79802708153
10.50654396007612,3.697041034146897,7.5874678282109995,-141777.56699988118,141777.56699988118
6.387302220291846,-6.409881301372593,6.825469391924647,-137633.67914383617,137633.67914383617
-11.46345393018688,3.1629972596808775,-3.848974794026383,181164.16424721293,-181164.16424721293
-0.6413834659299255,1.6643042755935507,1.915346873516401,12449.824659292479,-12449.824659292479
4.219207542352848,7.064031065263732,4.345392317619133,-30861.624920909446,30861.624920909446
-2.441566352906487,4.964637670002573,6.781331933114336,41482.3697012329,-41482.3697012329
-12.276078151369925,4.6908284505004945,3.49070487759914,181106.96320355,-181106.96320355
-2.9756350335999193,7.008048549411675,0.785402550708594,75043.09703235798,-75043.09703235798
1.2557645347154225,-1.013864669432956,-0.07065977063530919,-22088.77566101356,22088.77566101356
-10.962750868952018,-5.224192314366042,5.411984574312589,106088.0248998895,-106088.0248998895
-8.469613483183277,-3.458198108178604,-12.012326014896363,127087.83865350713,-127087.83865350713
-6.3896174768950225,-5.35229348309605,6.010956423271333,42232.84764669296,-42232.84764669296
10.098170893426342,-4.796993587682118,10.54707933370822,-188794.87964049235,188794.87964049235
9.817654869915943,-3.021995183384276,-11.96450666957964,-117154.27692377653,117154.27692377653
22.90942572590742,-10.064252105163314,-8.471486575460018,-339809.1209715092,339809.1209715092
10.225704320096403,10.103021662777326,10.133896336967831,-110800.04794398384,110800.04794398384
5.6390912005235965,1.9909337285586814,5.118099051196381,-78777.18360152356,78777.18360152356
7.589285897867652,0.20280472745305309,1.22139221747444,-104368.47677005369,104368.47677005369
-0.6259312789952242,-3.502292197151381,-2.2949464672435713,-4087.082389224941,4087.082389224941
-16.929568141953855,2.0703850960319574,-5.736628481238525,253957.9179064427,-253957.9179064427
-11.03589317215771,2.513424390278299,6.383802607483988,145386.33869054433,-145386.33869054433
9.18316606002313,-8.868285367229092,-6.210727799237676,-154410.512714269,154410.512714269
9.407711879882159,-6.0973229799530815,-1.7982591939376589,-154276.63568533072,154276.63568533072
5.500520990245519,-5.443786828382548,-0.3837275228626427,-101853.59120129263,101853.59120129263
-13.340254949182045,-0.8673026077667478,0.15150252598760724,174788.17061130243,-174788.17061130243
-15.929937335316692,4.490421199168911,-0.3602775232776911,239290.94812095986,-239290.94812095986
5.524899544171477,0.2392674195523286,7.1304296751268765,-91712.15249975772,91712.15249975772
1.2522450264790728,-2.235970648897037,0.13524121842530076,-29026.417152836373,29026.417152836373
5.432980290363879,-0.5818993612161908,0.5264737060066206,-77648.2690629106,77648.2690629106
-7.019916878067553,-2.1088483278254273,-7.920048147511187,104041.79811228643,-104041.79811228643
17.495767431869393,-8.557214621985713,-3.9691449027678627,-270605.01310128823,270605.01310128823
-7.184072655691974,5.346128125708486,-0.7039711720597297,126850.14346215595,-126850.14346215595
12.47742072673734,-5.083958650275582,1.158571123060684,-197975.2711732408,197975.2711732408
-8.353470532597573,11.484729809231652,-3.5637778691555115,182436.943154813,-182436.943154813
3.0982071022702753,2.558191993023902,2.9162158287754725,-35823.77994451173,35823.77994451173
-1.8528765887770828,-0.3412737848389058,-0.03768292516188799,23264.15131660275,-23264.15131660275
-1.4700200162848862,4.8179133771317675,11.757937739394633,14685.580552942429,-14685.580552942429
-5.574917850078336,-5.697306124679341,-2.356189087788972,51174.49334332348,-51174.49334332348
25.797093376543184,-7.702847384322247,8.232471946815208,-409659.6028115904,409659.6028115904
16.77700814076441,-5.156998847158338,2.9177757251397307,-260868.49413487274,260868.49413487274
16.28396623128538,-4.250919007055877,-0.6254650030972447,-240236.13462443056,240236.13462443056
-5.816809139486438,-3.9675597556251545,-4.648003423375912,69518.16407856958,-69518.16407856958
-12.239402667622565,1.9984781826070144,-4.287285078258478,186612.77701198522,-186612.77701198522
2.337859117907477,-7.771828118824075,-0.16173380991738234,-72100.6929456764,72100.6929456764
8.335289616089247,-10.759806375968964,-0.18129271378538414,-168635.00519270057,168635.00519270057
12.276689924732922,-7.611123425567285,7.228526940983388,-224380.12655210248,224380.12655210248
4.190190093660452,-3.9912207474073447,-0.9095804221487287,-75164.20820419786,75164.20820419786
5.583269125217224,-0.47496775684589254,2.9711852045694895,-85461.20354706995,85461.20354706995
-9.206735930793663,2.18881003578051,-7.079695149189844,154007.8783687136,-154007.8783687136
-1.1122606134870032,-4.144525576244932,-4.695455866989761,5313.898239209554,-5313.898239209554
12.360931752104374,3.351077761873982,4.873757187401495,-161540.17473545676,161540.17473545676
-10.92312764672579,0.12929702789170247,4.927621760526618,135067.44674484196,-135067.44674484196
1.4171691363990475,10.84992147550449,4.765287929580535,25785.96928806166,-25785.96928806166
1.9204911649003158,-1.7624652397658673,0.3679334663570544,-36136.531995263525,36136.531995263525
-1.524698363805439,3.6061678823544363,5.395092016553367,25559.752444561247,-25559.752444561247
-7.859894605079495,-5.17059231232222,-10.860582528613978,106841.57039146368,-106841.57039146368
5.079913269125437,-6.024710286186968,-11.467426710741947,-70452.83302566946,70452.83302566946
3.885786045309641,11.30798193716689,3.170366671705854,-916.8293371443106,916.8293371443106
8.384907744516418,-0.8674349969508373,0.04058562167014743,-117669.86214746114,117669.86214746114
9.190764829877686,-2.7631360588566025,1.400217630659322,-142066.70883149584,142066.70883149584
3.2169780619601362,-3.669135078406695,4.143704384536154,-73480.40882302186,73480.40882302186
-1.7495975669540864,-3.3422350345635192,1.5910022458547515,1802.045984556087,-1802.045984556087
-8.984679817910372,1.4821175264651132,-0.4592751787056492,130083.84589767149,-130083.84589767149
10.85895565831578,0.6353229171903201,0.9944128191107314,-145554.596142773,145554.596142773
8.17766299200287,5.4042179467664955,4.7771806276031965,-94083.76405587995,94083.76405587995
0.10352619843380607,-6.272588969154701,-6.7172261768723995,-17047.102930081397,17047.102930081397
-3.0522470435466764,-2.449350860376551,-1.7898441157851148,32852.230317498,-32852.230317498
0.5664992489710716,2.44149852809135,0.3266101323096971,4403.6238584693465,-4403.6238584693465
4.865016438262019,-0.42222910686034787,-9.213940521761945,-43843.46324701796,43843.46324701796
-9.393353938187543,0.7217492515321439,-6.482161529566946,147227.0598374358,-147227.0598374358
5.999287299962045,6.401323037877051,8.027882901895484,-67914.10003641664,67914.10003641664
-2.13442870930208,7.43047480898537,2.4079581499931484,61721.44163042624,-61721.44163042624
-3.3708597111803935,-2.4201152783492983,-2.367936911802098,38801.896956617566,-38801.896956617566
-3.8817681854122874,1.3950988032186702,0.7863899957363123,57626.4357962726,-57626.4357962726
0.030460201534144693,2.0794932133519524,6.275115739165933,-5740.056850120198,5740.056850120198
9.495541354413238,-8.506843114205715,-13.642232304063649,-137402.62526823865,137402.62526823865
9.343199112392737,-7.921075736860114,-2.265517480732444,-161818.69581353787,161818.69581353787
-11.701130260593596,-6.839729358881172,-0.14393393397964657,121947.2295648579,-121947.2295648579
7.591551603026469,-3.8885120968430202,-12.821516963798382,-89504.17540010774,89504.17540010774
-5.462444482524828,2.6881526725070537,-6.939003671386775,105823.6122979284,-105823.6122979284
1.8335991977915564,-0.3480632061382398,2.8692700172072865,-33999.98989160343,33999.98989160343
1.1958036841415325,-4.82061359456215,4.6621795687624985,-53669.658070619524,53669.658070619524
-1.5852957302697002,0.10756000646464581,-4.616753755109528,33925.31627314822,-33925.31627314822
-4.432822511915103,-3.5553165953645745,-2.1230480270545318,46484.09308615375,-46484.09308615375
17.117084801423434,-9.11111412376818,-8.586132107955612,-256429.2153841402,256429.2153841402
14.711703274936085,-3.2051657983399613,-2.7461508421355276,-208020.4171537682,208020.4171537682
10.399046873960764,-4.448459052805498,8.603404857655361,-185959.35590871453,185959.35590871453
6.779258713392691,-3.3440779022525486,10.163378181569417,-135407.4714517474,135407.4714517474
-6.057149230033384,4.448141717253855,2.036344242409263,99805.24114497479,-99805.24114497479
13.01741289398798,5.495321785947968,2.6877887646679848,-153389.4039984981,153389.4039984981
-7.534178703461834,3.3240540990661844,-3.093305475059002,127103.92033747442,-127103.92033747442
20.13387247526623,-2.3688488477986107,-0.5919943300022076,-282267.15873562515,282267.15873562515
1.8468030586490842,-6.702403343006021,-6.221314024920147,-44094.706223109715,44094.706223109715
12.004139079444254,-4.933806881403306,-5.244786700399054,-174167.31322827504,174167.31322827504
5.366527525272861,4.8504692432889405,5.167872812842154,-60141.58633543815,60141.58633543815
9.960476858058163,-5.103754040839815,-7.276918495841082,-142245.8660258026,142245.8660258026
15.013336519554867,-3.7910852168253086,-0.8490197698952409,-220106.66604086992,220106.66604086992
13.281941418490579,0.6607568420854417,3.535065622401006,-184671.43153419744,184671.43153419744
21.65002344901084,-6.316889851282024,4.785096476045149,-337505.7662534702,337505.7662534702
0.570131248970845,1.1955838326822377,7.7297083251374845,-21456.733378912355,21456.733378912355
5.078357562896238,1.8057550244379639,6.079483184629646,-74696.6592579189,74696.6592579189
-3.6495272954288533,-3.455345905099434,-6.23711161327,47146.54923519413,-47146.54923519413
-19.66356589376002,12.757017821479506,-3.8291820780561454,342244.4674811172,-342244.4674811172
-2.21253623585772,-0.9884348558094744,1.039416538177543,21896.28207317387,-21896.28207317387
8.157372125392968,2.8805911428227997,-1.3691268517670734,-91159.48658453941,91159.48658453941
-1.671217137864115,1.5985030322058602,-0.9432519057754623,33407.07861412887,-33407.07861412887
16.073455760199927,-0.06921709762240374,4.94256614368876,-229796.78336360335,229796.78336360335
6.628812686674127,4.602791669464949,2.6198262898944815,-71837.35407179334,71837.35407179334
-12.968319479558465,3.851637949488218,-3.3104632119415625,203677.45397345573,-203677.45397345573
-5.286166817497568,3.5897031415789584,6.41934826762615,73497.10720013692,-73497.10720013692
0.21271576736061648,1.4411322219451328,8.598965252006224,-17603.23011794738,17603.23011794738
2.4075317948856827,12.04810779217314,5.986303390543802,15592.10303129765,-15592.10303129765
-17.607627591558177,6.234354660886751,1.8675168709238972,265313.38509747566,-265313.38509747566
12.897527540827456,1.276241272072104,0.7881342797622898,-169105.61717402554,169105.61717402554
-12.242982362893658,0.83946995876905,-4.96931045310094,182316.09121817068,-182316.09121817068
-5.805234498047227,3.6781252401283657,8.47935682003584,75605.61493873334,-75605.61493873334
3.946715298229811,-6.2960059606639485,0.9016142911255548,-88753.74329978728,88753.74329978728
11.96631486645651,-4.703426313889163,-0.7836504374648725,-184033.22698932048,184033.22698932048
0.14688194729197093,-3.7657586419696947,2.1901605832969535,-27545.021806367844,27545.021806367844
-1.2094814860778156,2.18246444545752,-3.8383443430208257,37789.666595267925,-37789.666595267925
-4.374583003234104,4.101726928508681,-1.1474195584788476,83576.89087085085,-83576.89087085085
17.26963851233405,-4.496588895662647,1.4661875834064189,-260249.4286777283,260249.4286777283
9.3259083187309,-8.16405962076612,-9.742419342216474,-143440.67484850614,143440.67484850614
-15.256563145700948,8.310626828580425,-1.9043830917462314,254391.75558404502,-254391.75558404502
25.581992856682522,-6.528588446825672,1.489651084766517,-383043.5224636971,383043.5224636971
15.421099525678756,7.255288309641825,13.139644173124124,-203647.5283156491,203647.5283156491
12.083662305931425,3.07191759447832,4.698648310767693,-158822.35156750912,158822.35156750912
7.783610761666377,-3.796529924584298,-4.22446164984169,-113944.6811472982,113944.6811472982
-0.03374457410952052,-0.8066672284079448,-2.39442983302358,2418.7718536294087,-2418.7718536294087
6.963874474567153,3.5119342676809358,1.9265509826051375,-80308.2982133285,80308.2982133285
14.775300810552618,-7.661805130597572,-1.5723021540805657,-235448.823196113,235448.823196113
-7.168223206028049,-7.827578768626603,-3.0076445414986823,63093.68554153838,-63093.68554153838
-1.2174750838328354,7.4013164598403245,4.808348845477013,42974.635971863754,-42974.635971863754
-10.24186824329205,10.379738146903462,7.616587928115214,173000.77748328992,-173000.77748328992
5.820977034686158,-1.95340685715515,-4.612876577751809,-76761.3642134588,76761.3642134588
-3.72206776071053,5.751310108228644,10.222681459089536,53947.228240218436,-53947.228240218436
15.43243528272189,-4.6465284275679535,-5.221718925948132,-218907.1720441704,218907.1720441704
1.4088624691120395,-8.64624755106339,-0.5016367016702105,-63314.364998983016,63314.364998983016
-1.476025862986687,-2.0014485626686866,-8.332719988246645,30977.225927388423,-30977.225927388423
5.136001065697165,-3.311221227760676,-6.032183137993803,-71009.83319496899,71009.83319496899
-28.722622132816493,4.177155587167139,7.0847651888969985,390673.7283130181,-390673.7283130181
16.6125921454787,-4.672099011714722,-2.6270889191530715,-241686.39094476693,241686.39094476693
4.687742560750237,-5.465156426940462,0.4874546221936983,-93277.84411475183,93277.84411475183
7.660802783846902,4.70297808134354,1.3787316961993596,-81989.83167423292,81989.83167423292
-2.0367375017696587,-3.8821994130772413,-5.151344255384759,20340.241605981297,-20340.241605981297
-2.2647889190152677,2.0919401288540724,4.7391975209978785,29244.83035615647,-29244.83035615647
-8.031789506803449,8.324439133207765,0.08926470814323793,151931.01959266973,-151931.01959266973
-0.21367294348436155,-3.531921620955794,-12.612465615026649,17009.69338439901,-17009.69338439901
8.840453963610496,2.188453299264955,-0.027565789434990995,-107502.78588501902,107502.78588501902
0.6699071722487192,2.3603871507443537,-6.886412431695602,21323.92557857286,-21323.92557857286
-5.290526773462948,4.581980086980102,-5.361054309494814,109402.2965164906,-109402.2965164906
2.935579321666293,-6.910819715045994,0.7626838811588594,-78012.62985938412,78012.62985938412
-0.3564148229748357,-7.65022554979379,3.6569010127947763,-45075.754385022046,45075.754385022046
-7.345915767980492,-2.7627704483610893,-0.37599693731086603,85381.39539615477,-85381.39539615477
11.486373494287152,-6.5681172980338784,-0.35257450104277605,-188527.63995137,188527.63995137
4.288165003305729,2.6626782969551948,1.9015905938986368,-48670.61413845764,48670.61413845764
-3.6702783908332233,-3.396812012305584,-0.7654090016624886,33517.813886924225,-33517.813886924225
-10.72139011985607,-12.325745218440858,-1.9507097314424984,84485.6159382346,-84485.6159382346
9.039348410861953,-12.626371664444191,-7.270245475542955,-169554.14247678348,169554.14247678348
6.191542610051978,8.884896534971011,2.890308907284556,-44047.740549226815,44047.740549226815
-7.280029412291345,0.2196439869959384,6.051580898720841,83533.29105470453,-83533.29105470453
-6.459641791245353,-2.842956654326943,-3.6164717573758525,81435.50849353106,-81435.50849353106
-9.533286082587123,2.0150930287762665,7.512998187233145,119574.6489281806,-119574.6489281806
3.2307927311602906,-1.6882684011396452,-1.551154954090619,-48414.76046212332,48414.76046212332
-15.63190808696657,6.556951390921274,-0.09267636876141708,245486.49796084117,-245486.49796084117
-1.8047991359062565,15.5008722869276,5.201119687944336,92616.33313761308,-92616.33313761308
-7.517910500951843,-0.9059095490690463,4.653282334745763,84431.48743641414,-84431.48743641414
1.1327041053776445,-7.030054346064886,2.7595623736890387,-59536.82099713606,59536.82099713606
-6.68144085538994,9.937277051614018,7.137271181605169,123934.37631169359,-123934.37631169359
-4.473218956587512,6.7810414690663015,1.6481554597931467,91783.14772121022,-91783.14772121022
8.527736751222195,1.0328676704690583,-3.074335160500059,-101471.40995661252,101471.40995661252
-6.43549832317462,5.87792474754678,-0.6959774278465379,119549.10195450982,-119549.10195450982
-4.036484632419967,-3.95017165813608,0.6913203206910695,31746.824170154236,-31746.824170154236
20.62524919243145,-8.185594857414847,-0.13877866749844803,-320765.83901410055,320765.83901410055
14.122205554154291,-2.4981960589465038,2.7935478891687455,-210739.66074608522,210739.66074608522
-10.623935281468796,3.636484943577692,-0.9181435875521325,164735.41238173292,-164735.41238173292
9.857299956798629,4.1848755154967,14.423250025890917,-148215.94314521275,148215.94314521275
5.796331732135757,0.6844996305045079,1.6208010975114762,-78703.99673430638,78703.99673430638
-3.5316629281068836,2.144214475837953,-1.1943354442185263,62009.067279033894,-62009.067279033894
1.684609762696143,6.031848240129541,-3.1856140003797333,17412.310883722283,-17412.310883722283
11.398785611290453,4.572420635868521,1.587880468838053,-133591.46978084557,133591.46978084557
-21.218548990085946,0.2836562436502722,4.466485686936979,275810.62436982075,-275810.62436982075
-0.22868062298882122,-4.732065773799569,-3.6525002930235213,-12403.179978515325,12403.179978515325
8.40620026504553,1.3468228774324753,-0.0738330063271465,-105973.00308843845,105973.00308843845
-3.6682441181468755,-1.31833066151519,-5.107853196126331,55743.37580113539,-55743.37580113539
16.153756894694418,-3.9604341892031663,6.293939110452955,-254927.33353880062,254927.33353880062
15.213160519224513,2.4796654268418186,-0.11913769730084894,-191599.8010294431,191599.8010294431
4.037300903366095,-0.7210008226966607,-4.189170341461624,-47322.91178825968,47322.91178825968
3.24359281721603,-6.110200306671326,4.473346229195206,-87579.0877536721,87579.0877536721
-4.646172972983931,1.656396353350809,1.377530758254404,67769.85945904114,-67769.85945904114
-2.5890497370407735,3.186708542834094,-1.7143782034457908,56160.748797359745,-56160.748797359745
8.712972974572441,-7.726859852675963,-0.5769749523713481,-156688.78030513838,156688.78030513838
19.389289990582846,-7.679669823320414,-3.5077109927413916,-292687.5642508115,292687.5642508115
5.13907849658915,0.0856887337740882,2.1658190412894283,-74424.09931977576,74424.09931977576
4.891871301476635,2.293647758988534,6.365918128633588,-70353.00309564428,70353.00309564428
4.098186569285126,-1.7654536573054571,3.1603550962435785,-72752.27824145973,72752.27824145973
18.998819348952157,-3.482445552868473,-3.913679991157046,-264218.9119536101,264218.9119536101
11.070806692869727,-2.2348025609681486,-10.078332393119771,-134786.671552027,134786.671552027
8.474216771504215,-3.8244852267499683,-0.6586159470653343,-132663.35032917748,132663.35032917748
3.3198033056901455,0.41065506613961056,3.8199296429414686,-52492.26026252537,52492.26026252537
-4.354863705698434,3.100588232627249,-0.851925090277918,77259.54201998701,-77259.54201998701
7.38810480887503,1.8269001100555817,-3.403802341305803,-81068.09092887583,81068.09092887583
10.859821161750322,-4.185355878366398,3.7970973382326063,-178291.28206473176,178291.28206473176
3.672873134013406,8.21664637339601,1.3210291161672378,-9558.194028514063,9558.194028514063
-3.493167961181975,0.4313495775154189,-1.6614167745927066,53663.77035079021,-53663.77035079021
7.9994190194205,-8.909223108181756,-6.634308993411004,-137575.0365748256,137575.0365748256
-10.67802921579193,6.134382709307457,8.86827969417884,153219.45211273158,-153219.45211273158
-1.0444921853747149,-0.6485544712023497,0.08237453424131588,10437.485779817196,-10437.485779817196
11.618783026081905,-6.166009995218575,0.6135168184894617,-190699.8217093913,190699.8217093913
9.751976297824298,0.9272704168618715,2.006728764009491,-131727.58316873809,131727.58316873809
10.010460925671412,-14.395165412991668,0.5135796701555392,-212200.1746652675,212200.1746652675
-6.540756831274238,-7.750448893883056,-0.06651212182928803,47403.65274161625,-47403.65274161625
13.736585451629576,-2.7160754491438652,5.120338342954298,-212739.14739799823,212739.14739799823
16.122782579886454,3.8533248319348603,10.306865545640097,-223697.16739232134,223697.16739232134
7.421274910718923,-0.75339571033904,-7.270152612275373,-85087.36741406491,85087.36741406491
-2.460624881299486,-3.6529361864725085,9.338826835927991,-10388.125420490127,10388.125420490127
-1.758858124323366,0.8514781936221116,2.7224195194210137,21120.74347564083,-21120.74347564083
0.43602446372453724,8.019474509788697,-0.940088443455543,38892.67689016823,-38892.67689016823
1.9460745523724272,-3.833270170837704,-7.169072613181159,-27826.997426563965,27826.997426563965
-6.117690909052854,0.7409993733609098,-2.4226318145928243,92641.25882020376,-92641.25882020376
-6.92420979873856,-5.669075321358284,-2.4426877835859035,69729.88761644435,-69729.88761644435
-15.047203740310023,5.882316456217737,0.5618173668116779,232346.43548929814,-232346.43548929814
-14.575514994649305,0.7114939490383081,-4.731943456718372,212454.66396971123,-212454.66396971123
3.1917451041918046,5.914779374462765,-7.275293721836923,7112.200540522301,-7112.200540522301
1.1502607914741716,-0.9363238743386455,3.1048027664498274,-28508.769158412335,28508.769158412335
2.1319662823768915,-3.9064600614013507,-2.3398881791196855,-43265.97673562451,43265.97673562451
-7.96025856803489,6.326265737773632,1.0020075413400402,138049.51658278998,-138049.51658278998
19.011906857530075,-3.141119670067618,-2.5417756949543135,-266158.46505927556,266158.46505927556
-15.137143926128271,-6.32985652513479,-10.576686643793158,198046.10347365646,-198046.10347365646
2.671266510114834,2.025773735486676,-6.885033812556506,-7413.911141787618,7413.911141787618
8.950383140761154,-3.6466118405068237,0.5736965640145355,-141342.83810016472,141342.83810016472
16.122206282554245,1.8593199614972904,0.5911671184463455,-208968.8336217079,208968.8336217079
-8.911922254152874,-8.926716989580877,-6.510781659894425,89891.18726976194,-89891.18726976194
-2.111302388276944,-4.391850890687251,-1.9291707698431795,10282.876837484164,-10282.876837484164
0.7685188295876821,-1.1877725030372608,-3.3699894060510323,-7868.272897548337,7868.272897548337
1.6865467196672768,1.8549405436695499,-4.645893027866241,-864.513437427748,864.513437427748
14.1093237974627,-2.5866339905215896,0.6775963105839529,-205534.90028840274,205534.90028840274
7.082144232565572,0.050048415190436096,5.235727733943483,-108771.55602489493,108771.55602489493
2.871241652018242,-3.3518263482146873,1.150108669688322,-59368.576899748085,59368.576899748085
-11.437262073206618,2.233386106153568,-0.6013814474765963,167466.58205003745,-167466.58205003745
-2.081168572725397,-0.300909569162066,-9.342070477694667,50729.27679725625,-50729.27679725625
-5.487249077409615,1.2659293158623932,0.609138022770793,79039.03878162787,-79039.03878162787
-10.276751409259582,7.578554346097133,-3.168728448779997,186710.4612788799,-186710.4612788799
9.694572005267368,0.5834014412783786,-2.1194001144603676,-122047.90202836828,122047.90202836828
17.75310892609512,-8.356251169252417,3.8851434135614715,-293420.056961025,293420.056961025
10.005823180429783,-4.699528010567667,6.412804734295775,-176293.88340264134,176293.88340264134
-2.5004651459895277,1.752050622745362,1.47949140090861,39096.468314568796,-39096.468314568796
-1.343087414705478,4.068772095207298,4.740202265776461,27255.719595084392,-27255.719595084392
-17.485319732381807,8.84410440819312,-7.326141189762309,301327.26363598957,-301327.26363598957
10.325462043416573,3.8252216857758907,-3.3911832209078914,-110134.82613073727,110134.82613073727
-4.108142879545848,-4.657653710360433,-2.5757165964046402,37467.2843871605,-37467.2843871605
-3.0803428418574126,4.180795153925236,7.110307605978502,45098.07738241821,-45098.07738241821
13.95683810789956,-4.774896307866163,-0.9897112198241138,-210697.22553278302,210697.22553278302
-16.834381922209502,-1.3185979500645506,2.8437987618515663,212494.03168500945,-212494.03168500945
16.155828235482318,-8.31084312087755,-3.5398771859275535,-252364.46830228606,252364.46830228606
-0.2640575695892703,1.3758921960004993,-3.5831465471008888,20130.084825737107,-20130.084825737107
4.240610444640897,-2.896161208419918,-0.4289521531377704,-71312.91224733967,71312.91224733967
5.462842480036995,-0.7887940973318984,-1.8254045310812566,-73031.6609262571,73031.6609262571
-1.0960980392583084,-0.25704974780713236,-1.9472484894709647,18472.797473228322,-18472.797473228322
-2.587960626671024,8.0132551198943,4.505185942987927,65459.28900687448,-65459.28900687448
-2.9548031802916035,3.767481117358711,-0.9187775484200642,62087.24535550214,-62087.24535550214
11.731246375866412,0.0033939317973323124,0.5142645747857162,-159396.30257184082,159396.30257184082
4.477169258102776,-8.16417709886116,-7.108406106412525,-84948.80172268386,84948.80172268386
-11.939250063990555,2.472682617933369,7.937630332406117,153306.64492159252,-153306.64492159252
22.313001461926323,-0.30364042843095596,4.302247188957644,-313447.85138361243,313447.85138361243
-18.01057734152739,0.11319754548824743,-5.357106028119213,257208.63705444356,-257208.63705444356
-6.20847598251116,0.12927649725682405,-2.7917492797072514,91595.10265949593,-91595.10265949593
-19.792998103757878,6.536254277825199,-5.265795613211637,314889.2212292552,-314889.2212292552
2.3924686411114955,9.533873532103357,-1.8175749610287855,22802.42517784472,-22802.42517784472
-25.302875227463296,2.431278089008555,3.7040345465984292,344162.60913344135,-344162.60913344135
19.583474542205938,-8.80209897250323,1.8943189839440522,-315264.43733245065,315264.43733245065
-4.653104567800534,0.19262424268844602,12.402982857986729,31489.96198909015,-31489.96198909015
-15.029703283951532,3.464716542862427,1.8118036551535932,216103.05896463382,-216103.05896463382
10.857863249393471,-1.1613296315373205,2.1478715759181712,-158019.36948751687,158019.36948751687
-3.916485674217911,1.8711265481884012,-1.5278587768866478,66619.82727688509,-66619.82727688509
6.2157188985605085,-2.695286778788642,1.6853480935126681,-102360.87253814428,102360.87253814428
-0.29262813684978356,5.414811605412235,1.0947928760025742,29676.974481473473,-29676.974481473473
-17.730324682068815,8.678530645520215,-3.736902255925132,294428.79736254364,-294428.79736254364
-6.537663386488198,-1.860473787800937,5.588984140044289,63753.4143491485,-63753.4143491485
-21.356742139786956,18.169617973202076,7.812038577228834,363378.992982859,-363378.992982859
2.2323891412915966,-0.5966860667461472,1.4237173298097925,-36929.83221209042,36929.83221209042
5.211224283793383,2.295798561445813,3.720103492779116,-67770.2190425092,67770.2190425092
0.8958068125524882,-1.0756152972671345,-0.9232521574511688,-15348.955726563861,15348.955726563861
-1.9490828035268102,5.700101124507925,4.134236926551949,45605.854213845305,-45605.854213845305
-29.403886346642803,7.539030266854194,0.260438689065643,435328.98554318334,-435328.98554318334
-0.18708756445897418,-1.825051779707948,4.947992403302509,-19967.83322203663,19967.83322203663
9.475264621228579,-5.107681219367512,1.5067432766119813,-158551.23035597394,158551.23035597394
-9.71656734541286,-5.122874150083394,-5.1739507203015105,117336.25127630892,-117336.25127630892
8.623934723827588,3.252526514608633,4.05670712763592,-109581.48908035169,109581.48908035169
7.250957868479971,1.374369834724056,-2.111402268095239,-84966.50194168343,84966.50194168343
4.319225446739407,3.169826299500148,4.82158922403581,-53999.63013112562,53999.63013112562
11.889133714746428,1.595023974585701,3.1446595598739995,-159958.106952574,159958.106952574
10.701502383164275,-1.7317237018177418,-3.753411259229958,-143589.37902977646,143589.37902977646
-1.6306696394376388,-3.308358724684528,-4.238394078781311,15524.984761933973,-15524.984761933973
-1.4451867071551783,-3.5628241270546344,-2.51397079141195,7201.965636988626,-7201.965636988626
-18.936146669537855,3.857768144823682,-0.6838574636160523,277301.20760495414,-277301.20760495414
-8.170886310681906,4.370034379012231,4.911532280019794,120404.82393613482,-120404.82393613482
-16.07559864368974,-1.2266255342783945,-5.435658794158483,224267.63829950345,-224267.63829950345
-9.399031011088647,5.366197493202394,-0.4055307726695997,156027.07798981207,-156027.07798981207
-2.6451484131061074,-9.161042056292338,0.5189817795732218,-14055.662786678833,14055.662786678833
-12.392583948534725,2.1447480195555997,0.7914270362435055,176252.70641178216,-176252.70641178216
13.60658595838651,-8.283663325427446,-15.471665995017005,-186867.37860034744,186867.37860034744
1.8384954475369486,8.312116676033183,8.242470688381289,-2320.3531019613097,2320.3531019613097
2.096594152746258,-2.659444274459481,3.407859815002225,-51142.345428882814,51142.345428882814
-9.735461997044686,3.73240104999885,2.527224879653506,144317.3029565242,-144317.3029565242
10.602099074988798,11.572424607257135,5.751011943629388,-96728.51123713344,96728.51123713344
-5.089636257074988,0.6414637438151539,-8.824050619944371,94895.93568713962,-94895.93568713962
-6.9471313108905814,-0.9100831142043874,-3.3703574018728215,97566.29897820209,-97566.29897820209
1.52354872033722,-4.151225375680857,4.495567986610325,-54120.17753940212,54120.17753940212
0.0020706491819709382,-0.04467030197675052,-1.5937464939481436,3877.41465155165,-3877.41465155165
1.5519068385897914,3.7026818726492867,-3.1130737643515767,6719.0480425746955,-6719.0480425746955
-6.581164890752566,-0.4615060930908737,-7.1912775780712614,104930.44263761723,-104930.44263761723
-8.192578597214977,-1.0425420094541147,3.236658085790693,96482.34179654602,-96482.34179654602
2.62561329001925,0.5295230337587754,4.471658780349988,-44204.12505569631,44204.12505569631
-1.3737178839939665,2.068456318211857,-0.09618666612413797,29677.66929977502,-29677.66929977502
2.6536234939962844,-3.177625166403462,-12.34120595889542,-20461.89499780595,20461.89499780595
-1.3427916218630416,6.987494847122581,6.118554769464991,39074.84313477758,-39074.84313477758
9.653974845911707,4.447871541147125,2.4008089652243956,-112849.83304597535,112849.83304597535
1.9731570740559559,-3.2419853405299275,-2.1715165926688065,-38056.53025010305,38056.53025010305
6.157711497711416,4.818506068298836,1.086140867894554,-60365.76362045989,60365.76362045989
-4.501892648514116,0.6778021005273345,2.6773659246797883,57283.43419729647,-57283.43419729647
-14.438548161335419,-8.786302899522378,-6.147294249492862,164158.82980281534,-164158.82980281534
-12.207124259141587,-0.5926056328863853,-1.9362194458949735,166393.68253404667,-166393.68253404667
-4.532484090230134,7.607701213119834,3.101453240850317,93168.56570523726,-93168.56570523726
3.0047435961082836,2.517027391107164,-4.596441885232682,-15261.26187856572,15261.26187856572
10.391117874202687,-1.920040296098209,3.664405861186683,-159674.8000190534,159674.8000190534
-10.718572330401555,-5.803171132679483,1.5386524533069128,109806.17256683101,-109806.17256683101
3.764095260975166,-4.8671259861498655,-5.0968163499055805,-63165.660477006284,63165.660477006284
11.254347844147695,-7.361285332810537,7.057482030477135,-208841.08156110768,208841.08156110768
-9.006207346478687,4.395866520501238,-1.2668428824283937,147850.52836935385,-147850.52836935385
6.031874310823431,-3.50003952990647,-1.1400976725303622,-96789.48436868169,96789.48436868169
0.4091917539572113,-4.8415082692848745,2.3880065614263994,-37271.32708409679,37271.32708409679
-5.132135664715852,-0.3205317537098157,-5.3315824584159905,81316.78043446914,-81316.78043446914
-25.623336587953105,2.93235613167661,10.133432419600714,334419.72025829,-334419.72025829
7.8460428789802386,-1.2687725881611134,-0.8998029641806431,-110083.4358918708,110083.4358918708
0.22465892812046379,2.5758930198328587,-5.02858877977901,23633.789538557405,-23633.789538557405
11.143216946688721,1.7406688617998143,4.886015261979695,-153662.84123078806,153662.84123078806
4.384757388097273,-0.5641481143392194,3.4905626451833682,-71131.50758474854,71131.50758474854
5.918141337413781,-2.5763877659329064,-2.8994828611699446,-85810.59787884612,85810.59787884612
1.018562952619867,7.235570788587395,-4.062441180719356,35018.58943856283,-35018.58943856283
-14.6752526575244,2.9871470251983947,-0.28952096449143006,214266.25689067313,-214266.25689067313
1.733416643704082,0.9035700974241119,-0.6965595655295204,-16778.925633791205,16778.925633791205
14.898634386020822,-9.870620471768616,-5.1838804535043534,-239384.41881885345,239384.41881885345
-1.032547601490474,-7.682628971224762,-2.8813272315731737,-19147.444614848104,19147.444614848104
16.614701657280182,-2.3925830487647564,1.9694305050319458,-241627.19082407275,241627.19082407275
-12.601647651725802,-1.0496093990881463,-3.1840706069135987,172540.20682308302,-172540.20682308302
-3.1771509675623406,6.589623936668745,4.077987773107237,66994.91859397723,-66994.91859397723
-11.11457956937032,2.8429397928199873,2.1461892289182134,159196.4771807623,-159196.4771807623
11.401490385212664,5.8284750439782265,-2.424060597355009,-116574.32881789585,116574.32881789585
-8.108575112103383,-4.7819778254477,-3.0510091900269574,91951.72348086798,-91951.72348086798
4.663583744463345,4.009747939762468,1.0568479474806196,-44424.838840412966,44424.838840412966
-3.1984752325484394,1.2036107745542781,-4.00793104833254,59865.6811556787,-59865.6811556787
20.895387216947732,-10.802362464332898,-0.0016292734782298794,-338573.15090130264,338573.15090130264
20.236062192296394,-3.002976137397841,0.10274558788085546,-288796.13992190483,288796.13992190483
-3.5744542281042717,-0.32424534999781485,6.230091004012692,30266.458149426748,-30266.458149426748
-22.11861911329507,10.6318054691965,-6.130299733693555,370088.7447352717,-370088.7447352717
-2.6665232923441478,-1.647386903710304,2.189957828103222,21546.41332524129,-21546.41332524129
-15.981243518837475,4.601609647820368,9.528765854574527,214874.13529866203,-214874.13529866203
-13.631740045928105,2.949601757059866,-3.6480577641383274,208733.40245389706,-208733.40245389706
4.258872061930358,-0.5475017318050939,-2.8602161851745573,-52845.93486377352,52845.93486377352
4.87872284871074,7.874383547334095,1.4976987071083157,-28072.412488188565,28072.412488188565
7.197579421481819,-7.248155776451019,-5.815596029662775,-120130.74077630774,120130.74077630774
4.7240627788037735,6.370172878537871,3.7417727258230773,-39758.18829162067,39758.18829162067
-3.1305803052315433,0.46620726506186155,-6.192683562638395,60735.61692490715,-60735.61692490715
6.045153263553668,3.301687494749755,-0.8161544849633624,-61911.76741196246,61911.76741196246
-4.700421477595015,1.9732215519813843,-2.022397778933626,79007.14037604968,-79007.14037604968
-0.6613261462582245,10.114233555715064,1.3058956669101711,58899.39981094877,-58899.39981094877
-3.583401520212222,-2.5510673367266206,2.6321664096134745,27982.8280701324,-27982.8280701324
-1.81224173218103,-2.8254757281630294,5.504043877029279,-4793.831146247742,4793.831146247742
14.196030045136371,-4.993242390833933,-9.023190309516753,-194199.09188421967,194199.09188421967
10.075136898369221,-4.776746681013988,3.4945023053179094,-170052.71766135498,170052.71766135498
-19.701038177118356,7.212573686988425,-5.754923413776599,318490.47999429906,-318490.47999429906
7.307641190665245,-1.0280679839314975,-4.221758189196041,-92926.56583658578,92926.56583658578
-4.070363129267805,3.884084873125098,1.1349748011794698,72398.45168901327,-72398.45168901327
5.844129804724842,8.550401293494991,-4.875211489619357,-20954.396510983042,20954.396510983042
16.172125749686238,-1.9280727639328838,-3.403720032553088,-219250.67851219248,219250.67851219248
-13.303136257389898,1.0934236658609644,3.5553504709453136,175792.05950683512,-175792.05950683512
-1.275491203775342,7.399073317453476,-5.24637579689238,69870.05102055686,-69870.05102055686
-0.12088947846054561,-5.955402589347262,0.23929030252238004,-30424.37974254722,30424.37974254722
8.868873900973004,-3.337236932400278,-12.633466350900317,-104295.11322566302,104295.11322566302
1.9894814679649453,1.7846879061485454,2.577370125005214,-24085.745326048025,24085.745326048025
12.357821918221541,-6.962273746928705,2.6098822161361563,-210048.09606916993,210048.09606916993
11.925075124779749,-10.272083366403319,-0.00503004377835361,-214891.06319114767,214891.06319114767
-5.0417983100767145,0.36743137813171317,1.3277504675584384,66427.29915988419,-66427.29915988419
-4.872285641135523,-2.4920792809617027,-0.8933566880787034,54822.280495487445,-54822.280495487445
-10.872459388628027,-3.548186873341726,1.4264927390502524,124072.6456557665,-124072.6456557665
-11.48794035158656,4.9012991277952915,2.461634666364335,174271.53609341156,-174271.53609341156
-17.258067287905966,-0.6430673236012316,4.0838408574272185,218546.4696744372,-218546.4696744372
-9.811655311396816,-0.7433188589006925,1.1797786335881846,125223.02338757695,-125223.02338757695
7.833905092825955,-2.374849784316865,-2.7955238614830042,-110831.8597280591,110831.8597280591
14.223698616985077,6.160467990588527,7.532097136227717,-178720.62808483397,178720.62808483397
0.8531814256502406,-3.983158999021719,-4.940005197160097,-19683.254436092524,19683.254436092524
5.225141052657575,1.2118611656454727,7.530695713924539,-83579.75942809242,83579.75942809242
6.504500925361391,-8.14491125243572,3.5906199642385084,-139964.91457345168,139964.91457345168
-9.98060627314413,-0.3343353016947564,0.24571452786984468,132085.18188201307,-132085.18188201307
19.956674897839644,11.839864884261527,7.675375754733724,-226369.6021748641,226369.6021748641
-1.8319661872038786,2.8242243854024958,4.83717911904159,27022.84824547051,-27022.84824547051
-3.206676255571917,9.043613874503952,3.1143176349230854,82848.44577615663,-82848.44577615663
4.977430890913943,2.4296416124079574,3.086519284044762,-62267.202630763095,62267.202630763095
8.389405004696123,-4.202520809937603,-3.0193814927874714,-127381.67629108176,127381.67629108176
-11.00154232971695,3.7465186142556606,3.7394199570607984,158302.50280158885,-158302.50280158885
4.577728661518858,7.3001605740035105,2.220523101204125,-28925.317674194488,28925.317674194488
6.687416555925126,-6.2101937932413565,-2.8501055853517085,-115483.45504095529,115483.45504095529
6.955377575657775,3.0066523108701224,-0.04749535299354516,-77731.37216398345,77731.37216398345
-0.7159925185806683,-7.132397471015093,-3.5888989170818424,-18670.476248416755,18670.476248416755
8.903831635197863,1.407978323298917,3.55516322585201,-121785.12267382993,121785.12267382993
0.4977368718096008,-0.04097141126522084,-3.1537478226663214,1271.2557858530374,-1271.2557858530374
6.988284202025348,0.9596703416409719,3.23171927220341,-97498.89168399762,97498.89168399762
-5.260348426675804,-9.481738862792673,2.436657871743545,14508.694796175287,-14508.694796175287
-4.7883745600840415,-3.396921932753342,2.0676722952154307,41222.24714505543,-41222.24714505543
-3.920126399191296,5.643593298629693,4.059857755707556,72060.59569011457,-72060.59569011457
6.835693232004775,-7.540547486368485,4.544736058020857,-143717.09386878583,143717.09386878583
2.6125053123385604,-2.1532154934210705,0.37753971578588735,-47548.66343359526,47548.66343359526
-17.762352328983198,4.613502532550784,-5.363907701705163,277633.3361261335,-277633.3361261335
-13.526702858435344,-5.23218510308693,2.8589938877043015,147228.48276479988,-147228.48276479988
-6.292633936927887,8.259310024483113,-1.0518152975183632,131117.14277447836,-131117.14277447836
-17.073579575929468,-2.7644452266462123,3.765169787114593,205692.24633450675,-205692.24633450675
-1.5589817793666751,-2.3813164619014984,0.03342997033901418,8352.158824751907,-8352.158824751907
5.01782736167545,4.576978566279854,8.58936821570871,-65776.47871062336,65776.47871062336
-3.597686457890857,-5.785191384825813,-3.774129533618154,27751.827750540244,-27751.827750540244
2.6028050658288615,-4.987257862013345,-5.651545336677093,-46709.997267756036,46709.997267756036
3.437878815498854,-0.7477387493456913,0.27154232796008687,-50977.248089191526,50977.248089191526
-7.5849533470006945,0.03880163547338615,-5.1179666401808666,115709.83824688378,-115709.83824688378
8.901984111247868,3.602527001481824,-7.217811108221044,-82186.03271327719,82186.03271327719
-9.2951086019241,-5.743723322200019,-5.406311025331688,108984.12684499177,-108984.12684499177
-0.8343796979036087,-6.789210061400002,-6.238815537799658,-8378.57269368742,8378.57269368742
-10.039573720814985,2.494538211555506,0.08258973626000021,148233.93194176588,-148233.93194176588
-7.217375533372533,1.9259881378184058,-2.786348440795348,114658.68215266138,-114658.68215266138
-2.7165511032605325,8.389340418633605,8.351522655296924,59182.90310315138,-59182.90310315138
-12.995812369275976,5.906943255898453,4.266814726749743,195207.2058997845,-195207.2058997845
-11.482632887526183,5.627715391236729,7.836010853751182,164069.51888942914,-164069.51888942914
-11.225448062444139,-2.6923923325140864,3.2445645138851074,128621.9397745433,-128621.9397745433
2.7149531082564797,2.2231312217734405,2.444477847248308,-31202.113736981973,31202.113736981973
3.9069592092814416,-6.91291269530677,3.6513018654069276,-98618.55584060911,98618.55584060911
11.695899924277736,-2.8485091046851267,0.09840942247922403,-172891.3424716618,172891.3424716618
-15.311075025557221,4.749500110236181,2.615524653367296,224587.0673768223,-224587.0673768223
-0.62191016999311,5.4561102566256015,-0.2881357079160719,37925.30586542556,-37925.30586542556
5.646059258936003,-5.710397813666875,-1.0606088640572184,-103463.07911192102,103463.07911192102
-1.7435425790283585,1.33618168297749,-1.5991452296445319,34701.40000179284,-34701.40000179284
-1.314725956716678,4.137202788795688,-1.1780286964683542,42612.23108799633,-42612.23108799633
-16.065771007386793,10.754849013056322,7.973700303438603,252529.46572042798,-252529.46572042798
-12.922626951056186,5.228090607391604,-2.2423607304789996,207551.15057425786,-207551.15057425786
2.634872153310596,1.0081288303470535,-0.6449692217750074,-28508.20116353387,28508.20116353387
-7.837656655863965,-2.1180224015813542,-5.646501341274006,109104.9593126269,-109104.9593126269
-8.318222082304448,0.9273132905344774,-3.9516306857174612,127249.48799299465,-127249.48799299465
6.820520657126199,6.070633950088956,-0.6657809105228538,-58136.49656258563,58136.49656258563
2.3940450053537705,2.02423932460853,3.00028366872339,-29371.776791748605,29371.776791748605
0.7595526791608741,3.4284364635082665,3.26095631383083,-613.2697094083459,613.2697094083459
-12.376624223272978,6.00210384334194,4.711616769946131,186210.17420363732,-186210.17420363732
-7.632861041785816,1.3258810985197371,2.9622927730049353,102153.20132083322,-102153.20132083322
-2.0931381957936157,5.431749839488155,12.598470360926264,24137.812204820413,-24137.812204820413
-7.859860326349823,-5.408183880316,-0.5914495079113692,78904.54732104084,-78904.54732104084
7.215625051261435,-2.18350617918674,7.096869100910789,-127194.38481958846,127194.38481958846
-13.386057997232488,5.312919889093397,-2.758258139164134,215584.04796271955,-215584.04796271955
17.193779062072966,6.924625664750046,-0.4386740469083259,-193998.5346847665,193998.5346847665
-5.495571359085801,4.9243086161288305,-1.1070719676413026,102918.7658471248,-102918.7658471248
-0.45411217932238224,0.18921187498567904,-9.257720048172365,31172.376993315862,-31172.376993315862
-0.1383774609423725,-3.269035190787972,-3.218543805382015,-7025.945577538732,7025.945577538732
14.43632003468814,-8.158603921721424,3.132132018292833,-245726.76409298446,245726.76409298446
-2.789629303318085,-0.9159265631182194,3.3381209860322008,24082.47813839225,-24082.47813839225
3.4005129456889045,2.21157359257531,5.531019187222314,-48520.85109535237,48520.85109535237
-3.3130838318332274,-2.423220533197225,-6.141381446069576,47811.63367636092,-47811.63367636092
-8.25410529978955,15.304399699879292,9.15016178378988,168222.56427798176,-168222.56427798176
-13.510743662080213,-4.2811108865052026,0.056009767973228694,159316.11857884738,-159316.11857884738
5.47264797377967,1.797111841599634,-0.2952594332048471,-63491.63803784455,63491.63803784455
-1.2545426000290023,1.752067047192078,0.7471175143086868,24210.7568363122,-24210.7568363122
-22.19300372747535,2.232876178737255,-5.496134341635655,325115.1790773724,-325115.1790773724
1.7521141890851206,13.975960816468456,5.46012892536675,35965.880017822295,-35965.880017822295
-3.135296861723979,4.867007472564202,3.284265419311445,59401.61138660698,-59401.61138660698
4.200944904518413,2.264351115680023,10.867870969634248,-72894.98322366807,72894.98322366807
-11.308884353259156,3.955413678583715,-4.465799865512411,184866.30088908592,-184866.30088908592
5.555126463422483,-5.215124355111195,-2.8442357366150652,-94989.34407378803,94989.34407378803
-2.950899142379063,5.096983981261837,5.461901699672653,52472.420908114786,-52472.420908114786
-12.457173764463844,2.1305950745583044,-3.9815389611547927,189450.0935028345,-189450.0935028345
-12.585049106753345,0.8526520071345771,-2.379815833660298,180266.63617634427,-180266.63617634427
24.267164863455225,-1.5749879792672696,-4.913996109137281,-322543.2283128625,322543.2283128625
-5.647740041709422,5.718848832169057,11.02913413860633,77628.81547783127,-77628.81547783127
-15.859833122379584,-6.587692865061979,5.971231414595244,163426.54278569826,-163426.54278569826
3.8961417737090387,-4.725913642267752,1.7285322245577597,-81934.19196825234,81934.19196825234
-26.35747739016878,3.969721748863684,0.2684786589477874,375419.6745643586,-375419.6745643586
9.242701395378297,-6.22238068455583,-0.3465611496105707,-156485.1507384846,156485.1507384846
-9.254246260595874,2.606239818803473,-4.476377681104629,150086.92432490166,-150086.92432490166
-4.081008391602206,-4.137585453584127,1.738283741878808,28637.28534758715,-28637.28534758715
8.584511166566653,-2.406745470690818,0.33094601929845086,-129238.18035167483,129238.18035167483
-14.48591414633544,0.7435206105358084,-1.3278850771930482,202571.4621525452,-202571.4621525452
26.20793091029975,-9.234934319389872,7.036983934774714,-420175.4419686996,420175.4419686996
9.96858773465808,-0.15673782225949373,9.32501775408311,-159382.95109495262,159382.95109495262
3.721054726068629,1.2980128527873296,0.3987992305464671,-44326.55546524073,44326.55546524073
12.235688824186274,3.394471602771082,-1.0863268774545733,-144137.24355967433,144137.24355967433
-13.192471945987673,1.0107148561965724,-4.765841173470747,195485.5393841882,-195485.5393841882
-0.635245746153551,5.997490591940346,-0.7472387944227659,42155.21686939856,-42155.21686939856
-0.42823381311574876,0.3409858785031011,4.14362868669466,-3196.417561683783,3196.417561683783
-22.46889333984605,0.4765580275377443,-0.8350428106443879,307452.1767069836,-307452.1767069836
12.000789564268612,-4.146343574385844,-9.050455355602997,-160077.69907815364,160077.69907815364
6.197114459661362,-3.9600526179826234,-6.198214593587306,-88301.30319909117,88301.30319909117
-6.243453897132241,0.05638822295284911,-3.4535235240692246,93401.24411046266,-93401.24411046266
-22.055660570990693,7.58708214303184,6.132050830832244,321309.2186685837,-321309.2186685837
6.5152199133950575,-6.403697786552018,-2.018282744593604,-116345.74471482249,116345.74471482249
-0.06521315229458062,2.8658491818023673,3.9444587009661762,5755.20581287275,-5755.20581287275
-7.341737987784958,1.4923545761921932,1.9389007199537796,101768.06075857337,-101768.06075857337
14.558223221467665,1.1765485467469103,5.3857261849250975,-203955.6332089455,203955.6332089455
0.8382662792936093,6.60172141113925,3.720048785700526,13881.25432688327,-13881.25432688327
-8.610879101735705,7.985280008229092,4.62980312107178,146146.38423199733,-146146.38423199733
-4.430440211284823,-1.6224696603366553,0.6319070591408483,49494.948356421155,-49494.948356421155
4.631847952675847,0.24624693870848796,1.9720166068125415,-66238.23030780174,66238.23030780174
16.999573745763804,2.5609990327691468,3.0618877909453617,-223507.72216798077,223507.72216798077
9.413105807674834,-6.336791011026067,1.1465801716396398,-163264.85379422468,163264.85379422468
18.0930634973311,-3.753972161213885,-3.449452904498815,-254653.18138446534,254653.18138446534
-6.5208888859306064,-4.219085014510004,-5.427410611491489,79703.2543183867,-79703.2543183867
-3.70508098590029,-6.148365251181309,-1.8043193522563008,22163.97757269515,-22163.97757269515
9.022771737866472,-5.683136788533222,6.689889333519807,-168958.5894418421,168958.5894418421
5.107920885275947,4.149367971438715,-1.6773582354072372,-42571.00071848864,42571.00071848864
8.545252270666158,-6.4899806053159015,3.407833417185515,-158254.5588383461,158254.5588383461
1.718393397935312,2.3810811251858803,-4.9213230804085955,2198.8929078149376,-2198.8929078149376
-8.950698422766047,4.191201811336403,-4.304918775789857,153916.2854306938,-153916.2854306938
4.63206292099123,-7.215641174756692,2.6773343521991295,-107456.35468362452,107456.35468362452
-12.32523314768509,4.483087779615929,3.0692626067206152,181767.95038084922,-181767.95038084922
-6.967718184295749,3.821247520685616,1.6103309395504153,109873.39622730615,-109873.39622730615
-5.3884185619273826,-4.002236465275782,-10.958199814153621,79958.57426044901,-79958.57426044901
3.496500472996937,-7.988108601390253,-1.2513932545594175,-86023.5272449493,86023.5272449493
-2.634482160822491,3.634476908371375,-0.7708714732583405,56684.65247384577,-56684.65247384577
-3.294477863470914,3.9849724554668087,2.3347795619834737,59358.41389935511,-59358.41389935511
3.161559571827783,1.7640298135898345,-6.687900546128168,-15914.244036544951,15914.244036544951
7.56788679986982,1.786106941290205,-3.7904473920710835,-82701.31280754358,82701.31280754358
-2.440804736742013,0.17863689766445853,-0.8185972926387803,35959.52848183043,-35959.52848183043
3.3385996656853467,6.326394474121111,7.1138086203159245,-30081.854778105466,30081.854778105466
-13.122191934314063,4.935413539037105,6.5081300020824,185958.9194668622,-185958.9194668622
3.8680852068920264,4.623432196783302,11.221168288402023,-56876.867801452136,56876.867801452136
10.237095461069813,-0.3464381059962168,5.856696012179986,-154990.4424973671,154990.4424973671
1.448878330968912,-0.10332149953191122,-1.5948993991908718,-15924.805404987683,15924.805404987683
15.634133588321081,-6.2487759782754075,7.191295342226129,-262334.5413421019,262334.5413421019
4.998641237403714,-7.424061260252382,0.3375501900393471,-107416.45524909068,107416.45524909068
-21.00026507651624,6.133522851755915,3.976770475488713,305016.30420602736,-305016.30420602736
-5.9235595565205355,1.4778188855619394,9.28482713990229,63494.31833722337,-63494.31833722337
-5.057467042619367,-4.292047233462687,5.622078522291845,30888.416826679833,-30888.416826679833
19.625871905307946,-2.9262535545400192,5.867742928326926,-295148.2898133899,295148.2898133899
13.414759155308811,-5.55363795255802,-2.5667563549329935,-203405.12056830156,203405.12056830156
12.308745131547349,6.190694107304628,5.363606241766039,-147122.7384802931,147122.7384802931
-8.798143535020543,10.797398980559247,-0.6072693423777643,177119.29129809764,-177119.29129809764
-3.3513778117145177,2.135554073996358,7.74654184370384,36302.67891544607,-36302.67891544607
8.539759765522238,0.6978183557250767,3.163258713917128,-119609.07827981586,119609.07827981586
0.4351466864346608,2.596883810829929,-11.514731358006166,37761.39966004465,-37761.39966004465
-2.9660745906979837,1.5959434579992284,-5.4129438641420595,62455.445431319364,-62455.445431319364
3.8632331781155997,-1.5547505430185828,8.419760582462944,-82139.90659425444,82139.90659425444
15.730197252148564,-4.581280550923015,-0.5030748219964172,-234835.72622964674,234835.72622964674
-0.739475656083926,-2.0433570515879436,0.3598587016452458,-1755.124186044619,1755.124186044619
-7.582820688875902,-4.255268345268897,1.263490020280508,76436.59957482721,-76436.59957482721
6.295295842218108,-4.780636043618301,3.6667214627919926,-119587.54897617719,119587.54897617719
-6.315777291653314,2.1548878187504106,3.9489352444753485,86217.29492560717,-86217.29492560717
-0.3361256470371301,2.2193947599532056,-1.9612369088710175,21338.8062202521,-21338.8062202521
-1.9646658342809717,-0.6871870303485483,-3.9498867245283202,33110.029914601655,-33110.029914601655
-1.767741631157821,-7.121277271915084,-4.325924146160672,-2524.481985826181,2524.481985826181
-2.8487549336967084,-0.7945863025186622,-1.616896975779893,38394.37676735899,-38394.37676735899
-0.6176419986012892,2.3794365942359326,4.768099567821731,8491.864570993257,-8491.864570993257
-6.497652268482671,-4.764254475398132,-6.804974593716007,80092.1954600809,-80092.1954600809
-4.872029211949272,-0.9477533226050084,-4.38436603182675,72040.30876923463,-72040.30876923463
-12.961166642498945,-0.23138269317697596,-0.3222388884677373,174267.18754579313,-174267.18754579313
5.950294658355647,-3.551282709421085,-2.367876608649212,-92770.48078810998,92770.48078810998
-9.266983088473108,1.2400921778683385,-4.596331461732364,143359.93644313945,-143359.93644313945
5.731278132412001,-9.377731995626341,-3.602159633118362,-117363.18026035608,117363.18026035608
3.011073391917421,0.42517374968018823,13.37054488403722,-73071.1593258237,73071.1593258237
3.4980002456790755,-5.313735238304265,-1.4962895001976309,-71292.52648713552,71292.52648713552
-17.762463334664517,2.279933197806887,-5.006171613447734,264389.1325350019,-264389.1325350019
9.153902755601617,-3.9942254668108106,-0.7683808688496823,-142432.7413354628,142432.7413354628
-6.355578414044034,9.24712911195532,0.22792281949631105,133853.6766399393,-133853.6766399393
18.325570434792017,1.1344208437176893,4.224535924515488,-251925.64524813133,251925.64524813133
3.687331473175197,1.3251936799265294,-8.6451313519266,-20229.56713540813,20229.56713540813
-2.788833941507565,4.449471691739823,0.6434091656399822,59391.17221365106,-59391.17221365106
-14.05189846803575,1.8578314715325375,7.459377979357095,179772.05879581827,-179772.05879581827
12.468917155347194,-2.166077849198485,5.14102605590654,-192808.3369396523,192808.3369396523
-3.6650702036805183,-7.577188973720443,-6.699406091617953,26802.79415031272,-26802.79415031272
15.628887685081978,-3.651196861132368,-0.7235949711813934,-227988.77664966503,227988.77664966503
-2.9983819627488058,9.531909982642624,9.993530424771745,64744.37131897261,-64744.37131897261
22.18780233448134,-4.086767655163276,2.3445373583229823,-326640.727279645,326640.727279645
-15.16642549420791,9.319492059113495,-4.614317805216266,265543.0783812119,-265543.0783812119
2.167755637626291,-5.5589628302583,-4.056704066320551,-48009.01219739718,48009.01219739718
-8.372624310497002,-1.6434865570764865,-3.7536067407780327,113899.77843904363,-113899.77843904363
-5.482687949250771,4.797152623974444,-4.602330918394908,111155.88984797659,-111155.88984797659
2.2054142701386685,5.4784827650233225,-0.8984733293351782,1531.1803398098598,-1531.1803398098598
-7.179188907476019,-0.022654048135543177,5.057276149227796,83479.1936749956,-83479.1936749956
1.941076309533577,-2.8248921463262295,1.7921712532442369,-45721.86414629412,45721.86414629412
-11.022921498364234,4.903315961103569,2.242462535779871,168585.55514831905,-168585.55514831905
-3.0780847113888408,-3.5380866277433904,-5.44455506267579,36950.37291682849,-36950.37291682849
5.348173363459102,5.059637390988197,-1.3270930057223276,-41914.24838381684,41914.24838381684
4.583867035514842,-10.642064492631459,-5.108529682323421,-104660.75679626632,104660.75679626632
-0.3105893287090195,-4.292324962383091,-5.632381242723269,-3834.203217243535,3834.203217243535
-6.6777955646888625,2.3953398243008244,-0.8858179679516707,104926.82160586592,-104926.82160586592
-22.382312333249722,-6.757748200259991,-6.604813535754259,283095.8272552122,-283095.8272552122
4.576865860535521,-13.791292756872835,-5.495380101264602,-120182.34392310954,120182.34392310954
-5.262478565174211,7.411320941981848,-0.4478161038005106,111190.91663495735,-111190.91663495735
3.8298898474092846,0.09927013993598881,-9.92174861639372,-25303.67838615414,25303.67838615414
7.682072166317373,-0.12493497293274544,3.0970129218355313,-112222.00281608161,112222.00281608161
39.262377064363264,-15.829941725494523,7.775197695217403,-632808.9352863638,632808.9352863638
-2.874475194003556,1.8016428071515964,-0.01701324649527607,48286.3874875433,-48286.3874875433
-4.242363333980435,-2.081575342428741,0.6913610960700107,44383.058293248716,-44383.058293248716
-15.171736966716791,5.855795003337063,-1.8625742982544882,240183.90788861658,-240183.90788861658
-11.300693390403577,-0.45132052335888295,4.960301629197698,137005.81314640353,-137005.81314640353
-5.353350870162231,2.512717422023834,-3.3636235260501897,94137.64720528937,-94137.64720528937
7.5792184992361955,2.132780749647888,10.127976537117272,-117188.9754389966,117188.9754389966
-1.755639454992155,3.452626070620629,1.1916390687923144,38783.26159138846,-38783.26159138846
12.958717818630143,-5.372419641735064,3.3772553421152667,-211748.04781548324,211748.04781548324
-1.946972961166817,-0.014112147881426566,0.26812931926489403,25464.198041819363,-25464.198041819363
2.5224039642667737,-0.9327377975260986,1.0223516734901454,-41568.51186945957,41568.51186945957
15.781180575621844,2.3331183443185313,6.1721645821825435,-216374.17235608993,216374.17235608993
-4.555395260238707,-3.5580991387015493,3.311142496873345,34001.250684702914,-34001.250684702914
8.760467925297942,5.710121253085536,-0.701844179782744,-86086.21421380555,86086.21421380555
-2.295486553603471,-7.475518080635693,-3.9855445609915154,1832.8144354804833,-1832.8144354804833
9.965705105794472,-3.7198969134973825,3.0272941776756825,-161786.29492785,161786.29492785
-1.9050310599781133,1.831408172572838,-5.2441147195266655,48962.00342495601,-48962.00342495601
0.8520944963390107,-14.394623471503534,-4.465377435917472,-75851.79083567938,75851.79083567938
-16.3047324371514,8.197937095712135,4.390908534434067,251563.7864646245,-251563.7864646245
4.66670981966081,6.554730855483982,-2.513152552215719,-21758.936171838985,21758.936171838985
17.47363197915558,1.825225585017487,0.8556908948010828,-228046.49484279827,228046.49484279827
11.356201471829442,-6.980113969587927,-4.74551159973024,-177533.72781926187,177533.72781926187
-6.085897232397004,-1.610178277130214,-6.041642768931946,89207.1073439082,-89207.1073439082
12.23083067095325,-3.0692814005032854,2.0009091145457414,-186208.02896224475,186208.02896224475
-5.703513664136805,-7.828197243491019,-1.176486510681845,38595.577739801534,-38595.577739801534
-19.12254975419777,2.5410189275657364,-7.6432672017503265,290946.2422122406,-290946.2422122406
19.87275999230808,1.3660091381164268,2.602749093981781,-267337.73025874695,267337.73025874695
12.637066776546686,-5.932229954932332,2.2347894627357054,-207399.89620016117,207399.89620016117
1.9981043371871348,0.9595798771493208,6.559413899096567,-38903.38083474541,38903.38083474541
7.324921027798022,0.27838594755768753,-7.273278301097646,-78335.31329787789,78335.31329787789
-9.600462952794636,0.8547851323140448,-0.17727489829789358,134337.81065815754,-134337.81065815754
-11.30203724673924,13.198270196896653,9.661368253757944,196849.2249303234,-196849.2249303234
6.021183203924835,-0.5595835509607314,-0.6363602076352752,-82435.0703737796,82435.0703737796
-9.519184600222356,1.7974362098396264,0.861531055703316,135518.58085871706,-135518.58085871706
-12.417605754816243,3.456560786217304,-0.967404956082769,188083.4246885179,-188083.4246885179
